#
# There is insufficient memory for the Java Runtime Environment to continue.
# Native memory allocation (mmap) failed to map 65536 bytes. Error detail: Failed to commit metaspace.
# Possible reasons:
#   The system is out of physical RAM or swap space
#   This process is running with CompressedOops enabled, and the Java Heap may be blocking the growth of the native heap
# Possible solutions:
#   Reduce memory load on the system
#   Increase physical memory or swap space
#   Check if swap backing store is full
#   Decrease Java heap size (-Xmx/-Xms)
# This output file may be truncated or incomplete.
#
#  Out of Memory Error (virtualSpaceNode.cpp:113), pid=41020, tid=22988
#
# JRE version: OpenJDK Runtime Environment Temurin-21.0.12.1+1 (21.0.12.1+1) (build 21.0.12.1+1-LTS)
# Java VM: OpenJDK 64-Bit Server VM Temurin-21.0.12.1+1 (21.0.12.1+1-LTS, mixed mode, emulated-client, tiered, compressed oops, compressed class ptrs, g1 gc, windows-amd64)
# No core dump will be written. Minidumps are not enabled by default on client versions of Windows
#

---------------  S U M M A R Y ------------

Command Line: --add-opens=java.base/java.lang=ALL-UNNAMED --add-opens=java.base/java.lang.invoke=ALL-UNNAMED --add-opens=java.base/java.util=ALL-UNNAMED --add-opens=java.prefs/java.util.prefs=ALL-UNNAMED --add-exports=jdk.compiler/com.sun.tools.javac.api=ALL-UNNAMED --add-exports=jdk.compiler/com.sun.tools.javac.util=ALL-UNNAMED --add-opens=java.base/java.util=ALL-UNNAMED --add-opens=java.prefs/java.util.prefs=ALL-UNNAMED --add-opens=java.base/java.nio.charset=ALL-UNNAMED --add-opens=java.base/java.net=ALL-UNNAMED --add-opens=java.base/java.util.concurrent.atomic=ALL-UNNAMED --add-opens=java.xml/javax.xml.namespace=ALL-UNNAMED -Xshare:off -XX:TieredStopAtLevel=1 -Xss512k -XX:MaxMetaspaceSize=160m -XX:HeapBaseMinAddress=0x200000000 -Xms96m -Xmx640m -Dfile.encoding=UTF-8 -Duser.country=BR -Duser.language=pt -Duser.variant -javaagent:C:\Users\PAULO ROBERTO\.gradle\wrapper\dists\gradle-8.11.1-all\2qik7nd48slq1ooc2496ixf4i\gradle-8.11.1\lib\agents\gradle-instrumentation-agent-8.11.1.jar org.gradle.launcher.daemon.bootstrap.GradleDaemon 8.11.1

Host: 13th Gen Intel(R) Core(TM) i5-13420H, 12 cores, 15G,  Windows 11 , 64 bit Build 26100 (10.0.26100.9278)
Time: Sun Sep 13 17:28:25 2026 Hora Padrão de Bogotá elapsed time: 5.120666 seconds (0d 0h 0m 5s)

---------------  T H R E A D  ---------------

Current thread (0x0000021e8f6e1ae0):  JavaThread "Daemon worker"        [_thread_in_vm, id=22988, stack(0x0000006c98680000,0x0000006c98700000) (512K)]

Stack: [0x0000006c98680000,0x0000006c98700000]
Native frames: (J=compiled Java code, j=interpreted, Vv=VM code, C=native code)
V  [jvm.dll+0x6d83e9]
V  [jvm.dll+0x8b5736]
V  [jvm.dll+0x8b7cee]
V  [jvm.dll+0x8b83d3]
V  [jvm.dll+0x284596]
V  [jvm.dll+0x8b147e]
V  [jvm.dll+0x679ad4]
V  [jvm.dll+0x1e849b]
V  [jvm.dll+0x1e825e]
V  [jvm.dll+0x67c3d2]
V  [jvm.dll+0x67c202]
V  [jvm.dll+0x67a4ae]
V  [jvm.dll+0x684758]
V  [jvm.dll+0x21973e]
V  [jvm.dll+0x219be5]
V  [jvm.dll+0x21a5d8]
V  [jvm.dll+0x20f80e]
V  [jvm.dll+0x5b6a7f]
V  [jvm.dll+0x82f606]
V  [jvm.dll+0x4792f8]
V  [jvm.dll+0x47f128]
C  [java.dll+0x17ec]

Java frames: (J=compiled Java code, j=interpreted, Vv=VM code)
J 791  java.lang.ClassLoader.defineClass1(Ljava/lang/ClassLoader;Ljava/lang/String;[BIILjava/security/ProtectionDomain;Ljava/lang/String;)Ljava/lang/Class; java.base@21.0.12.1 (0 bytes) @ 0x0000021e83518e09 [0x0000021e83518d40+0x00000000000000c9]
J 1041 c1 java.lang.ClassLoader.defineClass(Ljava/lang/String;[BIILjava/security/ProtectionDomain;)Ljava/lang/Class; java.base@21.0.12.1 (43 bytes) @ 0x0000021e83583384 [0x0000021e83583260+0x0000000000000124]
J 1508 c1 java.net.URLClassLoader.defineClass(Ljava/lang/String;Ljdk/internal/loader/Resource;)Ljava/lang/Class; java.base@21.0.12.1 (224 bytes) @ 0x0000021e8364d2ac [0x0000021e8364c7c0+0x0000000000000aec]
J 854 c1 java.net.URLClassLoader$1.run()Ljava/lang/Class; java.base@21.0.12.1 (81 bytes) @ 0x0000021e8353587c [0x0000021e835355a0+0x00000000000002dc]
J 851 c1 java.net.URLClassLoader.findClass(Ljava/lang/String;)Ljava/lang/Class; java.base@21.0.12.1 (47 bytes) @ 0x0000021e83534c24 [0x0000021e83534ac0+0x0000000000000164]
J 794 c1 java.lang.ClassLoader.loadClass(Ljava/lang/String;Z)Ljava/lang/Class; java.base@21.0.12.1 (121 bytes) @ 0x0000021e8351aecc [0x0000021e8351ac00+0x00000000000002cc]
J 814 c1 java.lang.ClassLoader.loadClass(Ljava/lang/String;)Ljava/lang/Class; java.base@21.0.12.1 (7 bytes) @ 0x0000021e83526314 [0x0000021e835262c0+0x0000000000000054]
v  ~StubRoutines::call_stub 0x0000021e8314100d
j  org.gradle.internal.service.scopes.BuildScopeServices.createScriptPluginFactory(Lorg/gradle/internal/instantiation/InstantiatorFactory;Lorg/gradle/internal/service/ServiceRegistry;Lorg/gradle/groovy/scripts/ScriptCompilerFactory;Lorg/gradle/internal/Factory;Lorg/gradle/plugin/management/internal/autoapply/AutoAppliedPluginHandler;Lorg/gradle/plugin/use/internal/PluginRequestApplicator;Lorg/gradle/configuration/CompileOperationFactory;Lorg/gradle/internal/operations/BuildOperationRunner;Lorg/gradle/internal/code/UserCodeApplicationContext;Lorg/gradle/internal/event/ListenerManager;)Lorg/gradle/configuration/ScriptPluginFactory;+12
j  java.lang.invoke.LambdaForm$DMH+0x00000002282a8c00.invokeVirtual(Ljava/lang/Object;Ljava/lang/Object;Ljava/lang/Object;Ljava/lang/Object;Ljava/lang/Object;Ljava/lang/Object;Ljava/lang/Object;Ljava/lang/Object;Ljava/lang/Object;Ljava/lang/Object;Ljava/lang/Object;Ljava/lang/Object;)Ljava/lang/Object;+30 java.base@21.0.12.1
j  java.lang.invoke.LambdaForm$MH+0x0000000228479000.invoke(Ljava/lang/Object;Ljava/lang/Object;Ljava/lang/Object;)Ljava/lang/Object;+280 java.base@21.0.12.1
j  java.lang.invoke.LambdaForm$MH+0x0000000228104000.invoke(Ljava/lang/Object;Ljava/lang/Object;Ljava/lang/Object;)Ljava/lang/Object;+34 java.base@21.0.12.1
J 2166 c1 jdk.internal.reflect.DirectMethodHandleAccessor.invoke(Ljava/lang/Object;[Ljava/lang/Object;)Ljava/lang/Object; java.base@21.0.12.1 (92 bytes) @ 0x0000021e8375f82c [0x0000021e8375f3a0+0x000000000000048c]
J 2165 c1 java.lang.reflect.Method.invoke(Ljava/lang/Object;[Ljava/lang/Object;)Ljava/lang/Object; java.base@21.0.12.1 (108 bytes) @ 0x0000021e8375de54 [0x0000021e8375dc80+0x00000000000001d4]
j  org.gradle.internal.reflect.JavaMethod.invoke(Ljava/lang/Object;[Ljava/lang/Object;)Ljava/lang/Object;+6
j  org.gradle.internal.service.ReflectionBasedServiceMethod.invoke(Ljava/lang/Object;[Ljava/lang/Object;)Ljava/lang/Object;+6
j  org.gradle.internal.service.DefaultServiceRegistry$FactoryMethodService.invokeMethod([Ljava/lang/Object;)Ljava/lang/Object;+28
j  org.gradle.internal.service.DefaultServiceRegistry$FactoryService.createServiceInstance()Ljava/lang/Object;+7
j  org.gradle.internal.service.DefaultServiceRegistry$FactoryMethodService.createServiceInstance()Ljava/lang/Object;+1
J 2475 c1 org.gradle.internal.service.DefaultServiceRegistry$ManagedObjectServiceProvider.getInstance()Ljava/lang/Object; (47 bytes) @ 0x0000021e837e2b8c [0x0000021e837e2ae0+0x00000000000000ac]
J 2474 c1 org.gradle.internal.service.DefaultServiceRegistry$SingletonService.get()Ljava/lang/Object; (5 bytes) @ 0x0000021e837e2804 [0x0000021e837e27c0+0x0000000000000044]
j  org.gradle.internal.service.DefaultServiceRegistry$FactoryService.assembleParameters()[Ljava/lang/Object;+44
j  org.gradle.internal.service.DefaultServiceRegistry$FactoryService.createServiceInstance()Ljava/lang/Object;+1
j  org.gradle.internal.service.DefaultServiceRegistry$FactoryMethodService.createServiceInstance()Ljava/lang/Object;+1
J 2475 c1 org.gradle.internal.service.DefaultServiceRegistry$ManagedObjectServiceProvider.getInstance()Ljava/lang/Object; (47 bytes) @ 0x0000021e837e2b8c [0x0000021e837e2ae0+0x00000000000000ac]
J 2474 c1 org.gradle.internal.service.DefaultServiceRegistry$SingletonService.get()Ljava/lang/Object; (5 bytes) @ 0x0000021e837e2804 [0x0000021e837e27c0+0x0000000000000044]
j  org.gradle.internal.service.DefaultServiceRegistry$FactoryService.assembleParameters()[Ljava/lang/Object;+44
j  org.gradle.internal.service.DefaultServiceRegistry$FactoryService.createServiceInstance()Ljava/lang/Object;+1
j  org.gradle.internal.service.DefaultServiceRegistry$ConstructorService.createServiceInstance()Ljava/lang/Object;+1
J 2475 c1 org.gradle.internal.service.DefaultServiceRegistry$ManagedObjectServiceProvider.getInstance()Ljava/lang/Object; (47 bytes) @ 0x0000021e837e2b8c [0x0000021e837e2ae0+0x00000000000000ac]
J 2474 c1 org.gradle.internal.service.DefaultServiceRegistry$SingletonService.get()Ljava/lang/Object; (5 bytes) @ 0x0000021e837e2804 [0x0000021e837e27c0+0x0000000000000044]
j  org.gradle.internal.service.DefaultServiceRegistry$FactoryService.assembleParameters()[Ljava/lang/Object;+44
j  org.gradle.internal.service.DefaultServiceRegistry$FactoryService.createServiceInstance()Ljava/lang/Object;+1
j  org.gradle.internal.service.DefaultServiceRegistry$FactoryMethodService.createServiceInstance()Ljava/lang/Object;+1
J 2475 c1 org.gradle.internal.service.DefaultServiceRegistry$ManagedObjectServiceProvider.getInstance()Ljava/lang/Object; (47 bytes) @ 0x0000021e837e2b8c [0x0000021e837e2ae0+0x00000000000000ac]
J 2474 c1 org.gradle.internal.service.DefaultServiceRegistry$SingletonService.get()Ljava/lang/Object; (5 bytes) @ 0x0000021e837e2804 [0x0000021e837e27c0+0x0000000000000044]
j  org.gradle.internal.service.DefaultServiceRegistry.find(Ljava/lang/reflect/Type;)Ljava/lang/Object;+22
j  org.gradle.internal.service.DefaultServiceRegistry.get(Ljava/lang/reflect/Type;)Ljava/lang/Object;+2
j  org.gradle.internal.service.DefaultServiceRegistry.get(Ljava/lang/Class;)Ljava/lang/Object;+3
j  org.gradle.internal.cc.impl.DefaultBuildModelControllerServices$VintageBuildControllerProvider.createBuildModelController(Lorg/gradle/api/internal/GradleInternal;Lorg/gradle/internal/model/StateTransitionControllerFactory;)Lorg/gradle/internal/build/BuildModelController;+69
j  java.lang.invoke.DirectMethodHandle$Holder.invokeSpecial(Ljava/lang/Object;Ljava/lang/Object;Ljava/lang/Object;Ljava/lang/Object;)Ljava/lang/Object;+14 java.base@21.0.12.1
j  java.lang.invoke.LambdaForm$MH+0x00000002281a5400.invoke(Ljava/lang/Object;Ljava/lang/Object;Ljava/lang/Object;Ljava/lang/Object;)Ljava/lang/Object;+73 java.base@21.0.12.1
J 2166 c1 jdk.internal.reflect.DirectMethodHandleAccessor.invoke(Ljava/lang/Object;[Ljava/lang/Object;)Ljava/lang/Object; java.base@21.0.12.1 (92 bytes) @ 0x0000021e8375f79c [0x0000021e8375f3a0+0x00000000000003fc]
J 2165 c1 java.lang.reflect.Method.invoke(Ljava/lang/Object;[Ljava/lang/Object;)Ljava/lang/Object; java.base@21.0.12.1 (108 bytes) @ 0x0000021e8375de54 [0x0000021e8375dc80+0x00000000000001d4]
j  org.gradle.internal.reflect.JavaMethod.invoke(Ljava/lang/Object;[Ljava/lang/Object;)Ljava/lang/Object;+6
j  org.gradle.internal.service.ReflectionBasedServiceMethod.invoke(Ljava/lang/Object;[Ljava/lang/Object;)Ljava/lang/Object;+6
j  org.gradle.internal.service.DefaultServiceRegistry$FactoryMethodService.invokeMethod([Ljava/lang/Object;)Ljava/lang/Object;+28
j  org.gradle.internal.service.DefaultServiceRegistry$FactoryService.createServiceInstance()Ljava/lang/Object;+7
j  org.gradle.internal.service.DefaultServiceRegistry$FactoryMethodService.createServiceInstance()Ljava/lang/Object;+1
J 2475 c1 org.gradle.internal.service.DefaultServiceRegistry$ManagedObjectServiceProvider.getInstance()Ljava/lang/Object; (47 bytes) @ 0x0000021e837e2b8c [0x0000021e837e2ae0+0x00000000000000ac]
J 2474 c1 org.gradle.internal.service.DefaultServiceRegistry$SingletonService.get()Ljava/lang/Object; (5 bytes) @ 0x0000021e837e2804 [0x0000021e837e27c0+0x0000000000000044]
j  org.gradle.internal.service.DefaultServiceRegistry.find(Ljava/lang/reflect/Type;)Ljava/lang/Object;+22
j  org.gradle.internal.service.DefaultServiceRegistry.get(Ljava/lang/reflect/Type;)Ljava/lang/Object;+2
j  org.gradle.internal.service.DefaultServiceRegistry.get(Ljava/lang/Class;)Ljava/lang/Object;+3
j  org.gradle.internal.build.DefaultBuildLifecycleControllerFactory.newInstance(Lorg/gradle/api/internal/BuildDefinition;Lorg/gradle/internal/service/ServiceRegistry;)Lorg/gradle/internal/build/BuildLifecycleController;+98
j  org.gradle.internal.cc.impl.DefaultBuildModelControllerServices$ServicesProvider.createBuildLifecycleController(Lorg/gradle/internal/build/BuildLifecycleControllerFactory;)Lorg/gradle/internal/build/BuildLifecycleController;+15
J 1560 c1 java.lang.invoke.DirectMethodHandle$Holder.invokeSpecial(Ljava/lang/Object;Ljava/lang/Object;Ljava/lang/Object;)Ljava/lang/Object; java.base@21.0.12.1 (15 bytes) @ 0x0000021e8366139c [0x0000021e83661340+0x000000000000005c]
j  java.lang.invoke.LambdaForm$MH+0x0000000228104400.invoke(Ljava/lang/Object;Ljava/lang/Object;Ljava/lang/Object;)Ljava/lang/Object;+52 java.base@21.0.12.1
J 2166 c1 jdk.internal.reflect.DirectMethodHandleAccessor.invoke(Ljava/lang/Object;[Ljava/lang/Object;)Ljava/lang/Object; java.base@21.0.12.1 (92 bytes) @ 0x0000021e8375f754 [0x0000021e8375f3a0+0x00000000000003b4]
J 2165 c1 java.lang.reflect.Method.invoke(Ljava/lang/Object;[Ljava/lang/Object;)Ljava/lang/Object; java.base@21.0.12.1 (108 bytes) @ 0x0000021e8375de54 [0x0000021e8375dc80+0x00000000000001d4]
j  org.gradle.internal.reflect.JavaMethod.invoke(Ljava/lang/Object;[Ljava/lang/Object;)Ljava/lang/Object;+6
j  org.gradle.internal.service.ReflectionBasedServiceMethod.invoke(Ljava/lang/Object;[Ljava/lang/Object;)Ljava/lang/Object;+6
j  org.gradle.internal.service.DefaultServiceRegistry$FactoryMethodService.invokeMethod([Ljava/lang/Object;)Ljava/lang/Object;+28
j  org.gradle.internal.service.DefaultServiceRegistry$FactoryService.createServiceInstance()Ljava/lang/Object;+7
j  org.gradle.internal.service.DefaultServiceRegistry$FactoryMethodService.createServiceInstance()Ljava/lang/Object;+1
J 2475 c1 org.gradle.internal.service.DefaultServiceRegistry$ManagedObjectServiceProvider.getInstance()Ljava/lang/Object; (47 bytes) @ 0x0000021e837e2b8c [0x0000021e837e2ae0+0x00000000000000ac]
J 2474 c1 org.gradle.internal.service.DefaultServiceRegistry$SingletonService.get()Ljava/lang/Object; (5 bytes) @ 0x0000021e837e2804 [0x0000021e837e27c0+0x0000000000000044]
j  org.gradle.internal.service.DefaultServiceRegistry.find(Ljava/lang/reflect/Type;)Ljava/lang/Object;+22
j  org.gradle.internal.service.DefaultServiceRegistry.get(Ljava/lang/reflect/Type;)Ljava/lang/Object;+2
j  org.gradle.internal.service.DefaultServiceRegistry.get(Ljava/lang/Class;)Ljava/lang/Object;+3
j  org.gradle.internal.build.AbstractBuildState.lambda$new$0()Lorg/gradle/internal/build/BuildLifecycleController;+6
j  org.gradle.internal.build.AbstractBuildState$$Lambda+0x00000002283e9aa8.get()Ljava/lang/Object;+4
j  org.gradle.internal.lazy.LockingLazy.get()Ljava/lang/Object;+22
j  org.gradle.internal.build.AbstractBuildState.getBuildController()Lorg/gradle/internal/build/BuildLifecycleController;+4
j  org.gradle.composite.internal.DefaultRootBuildState.<init>(Lorg/gradle/api/internal/BuildDefinition;Lorg/gradle/internal/buildtree/BuildTreeState;Lorg/gradle/internal/event/ListenerManager;)V+19
j  org.gradle.composite.internal.BuildStateFactory.createRootBuild(Lorg/gradle/api/internal/BuildDefinition;)Lorg/gradle/internal/build/RootBuildState;+13
j  org.gradle.composite.internal.DefaultIncludedBuildRegistry.createRootBuild(Lorg/gradle/api/internal/BuildDefinition;)Lorg/gradle/internal/build/RootBuildState;+23
j  org.gradle.launcher.exec.RootBuildLifecycleBuildActionExecutor.execute(Lorg/gradle/internal/invocation/BuildAction;Lorg/gradle/internal/buildtree/BuildTreeContext;)Lorg/gradle/internal/buildtree/BuildActionRunner$Result;+59
j  org.gradle.internal.buildtree.InitDeprecationLoggingActionExecutor.execute(Lorg/gradle/internal/invocation/BuildAction;Lorg/gradle/internal/buildtree/BuildTreeContext;)Lorg/gradle/internal/buildtree/BuildActionRunner$Result;+83
j  org.gradle.internal.buildtree.InitProblems.execute(Lorg/gradle/internal/invocation/BuildAction;Lorg/gradle/internal/buildtree/BuildTreeContext;)Lorg/gradle/internal/buildtree/BuildActionRunner$Result;+13
j  org.gradle.internal.buildtree.DefaultBuildTreeContext.execute(Lorg/gradle/internal/invocation/BuildAction;)Lorg/gradle/internal/buildtree/BuildActionRunner$Result;+64
j  org.gradle.launcher.exec.BuildTreeLifecycleBuildActionExecutor.lambda$execute$0(Lorg/gradle/internal/invocation/BuildAction;Lorg/gradle/internal/buildtree/BuildTreeContext;)Lorg/gradle/internal/buildtree/BuildActionRunner$Result;+2
j  org.gradle.launcher.exec.BuildTreeLifecycleBuildActionExecutor$$Lambda+0x000000022838c3e0.apply(Ljava/lang/Object;)Ljava/lang/Object;+8
j  org.gradle.internal.buildtree.BuildTreeState.run(Ljava/util/function/Function;)Ljava/lang/Object;+47
j  org.gradle.launcher.exec.BuildTreeLifecycleBuildActionExecutor.execute(Lorg/gradle/internal/invocation/BuildAction;Lorg/gradle/internal/session/BuildSessionContext;)Lorg/gradle/internal/buildtree/BuildActionRunner$Result;+74
j  org.gradle.launcher.exec.RunAsBuildOperationBuildActionExecutor$3.call(Lorg/gradle/internal/operations/BuildOperationContext;)Lorg/gradle/internal/buildtree/BuildActionRunner$Result;+25
j  org.gradle.launcher.exec.RunAsBuildOperationBuildActionExecutor$3.call(Lorg/gradle/internal/operations/BuildOperationContext;)Ljava/lang/Object;+2
j  org.gradle.internal.operations.DefaultBuildOperationRunner$CallableBuildOperationWorker.execute(Lorg/gradle/internal/operations/CallableBuildOperation;Lorg/gradle/internal/operations/BuildOperationContext;)V+3
j  org.gradle.internal.operations.DefaultBuildOperationRunner$CallableBuildOperationWorker.execute(Lorg/gradle/internal/operations/BuildOperation;Lorg/gradle/internal/operations/BuildOperationContext;)V+6
j  org.gradle.internal.operations.DefaultBuildOperationRunner$2.execute(Lorg/gradle/internal/operations/BuildOperationDescriptor;Lorg/gradle/internal/operations/BuildOperationState;Lorg/gradle/internal/operations/BuildOperationState;Lorg/gradle/internal/operations/DefaultBuildOperationRunner$ReadableBuildOperationContext;Lorg/gradle/internal/operations/DefaultBuildOperationRunner$BuildOperationExecutionListener;)Lorg/gradle/internal/operations/BuildOperation;+22
j  org.gradle.internal.operations.DefaultBuildOperationRunner$2.execute(Lorg/gradle/internal/operations/BuildOperationDescriptor;Lorg/gradle/internal/operations/BuildOperationState;Lorg/gradle/internal/operations/BuildOperationState;Lorg/gradle/internal/operations/DefaultBuildOperationRunner$ReadableBuildOperationContext;Lorg/gradle/internal/operations/DefaultBuildOperationRunner$BuildOperationExecutionListener;)Ljava/lang/Object;+8
j  org.gradle.internal.operations.DefaultBuildOperationRunner.execute(Lorg/gradle/internal/operations/BuildOperationDescriptor$Builder;Lorg/gradle/internal/operations/BuildOperationState;Lorg/gradle/internal/operations/DefaultBuildOperationRunner$BuildOperationExecution;)Ljava/lang/Object;+141
j  org.gradle.internal.operations.DefaultBuildOperationRunner.execute(Lorg/gradle/internal/operations/BuildOperation;Lorg/gradle/internal/operations/BuildOperationWorker;Lorg/gradle/internal/operations/BuildOperationState;)V+18
j  org.gradle.internal.operations.DefaultBuildOperationRunner.call(Lorg/gradle/internal/operations/CallableBuildOperation;)Ljava/lang/Object;+16
j  org.gradle.launcher.exec.RunAsBuildOperationBuildActionExecutor.execute(Lorg/gradle/internal/invocation/BuildAction;Lorg/gradle/internal/session/BuildSessionContext;)Lorg/gradle/internal/buildtree/BuildActionRunner$Result;+23
j  org.gradle.launcher.exec.RunAsWorkerThreadBuildActionExecutor.lambda$execute$0(Lorg/gradle/internal/invocation/BuildAction;Lorg/gradle/internal/session/BuildSessionContext;)Lorg/gradle/internal/buildtree/BuildActionRunner$Result;+6
j  org.gradle.launcher.exec.RunAsWorkerThreadBuildActionExecutor$$Lambda+0x000000022835e5a0.create()Ljava/lang/Object;+12
j  org.gradle.internal.work.DefaultWorkerLeaseService.withLocks(Ljava/util/Collection;Lorg/gradle/internal/Factory;)Ljava/lang/Object;+28
j  org.gradle.internal.work.DefaultWorkerLeaseService.runAsWorkerThread(Lorg/gradle/internal/Factory;)Ljava/lang/Object;+33
j  org.gradle.launcher.exec.RunAsWorkerThreadBuildActionExecutor.execute(Lorg/gradle/internal/invocation/BuildAction;Lorg/gradle/internal/session/BuildSessionContext;)Lorg/gradle/internal/buildtree/BuildActionRunner$Result;+12
j  org.gradle.tooling.internal.provider.continuous.ContinuousBuildActionExecutor.execute(Lorg/gradle/internal/invocation/BuildAction;Lorg/gradle/internal/session/BuildSessionContext;)Lorg/gradle/internal/buildtree/BuildActionRunner$Result;+58
j  org.gradle.tooling.internal.provider.SubscribableBuildActionExecutor.execute(Lorg/gradle/internal/invocation/BuildAction;Lorg/gradle/internal/session/BuildSessionContext;)Lorg/gradle/internal/buildtree/BuildActionRunner$Result;+30
j  org.gradle.internal.session.DefaultBuildSessionContext.execute(Lorg/gradle/internal/invocation/BuildAction;)Lorg/gradle/internal/buildtree/BuildActionRunner$Result;+64
j  org.gradle.internal.buildprocess.execution.BuildSessionLifecycleBuildActionExecutor$ActionImpl.apply(Lorg/gradle/internal/session/BuildSessionContext;)Lorg/gradle/launcher/exec/BuildActionResult;+6
j  org.gradle.internal.buildprocess.execution.BuildSessionLifecycleBuildActionExecutor$ActionImpl.apply(Ljava/lang/Object;)Ljava/lang/Object;+5
j  org.gradle.internal.session.BuildSessionState.run(Ljava/util/function/Function;)Ljava/lang/Object;+5
j  org.gradle.internal.buildprocess.execution.BuildSessionLifecycleBuildActionExecutor.execute(Lorg/gradle/internal/invocation/BuildAction;Lorg/gradle/launcher/exec/BuildActionParameters;Lorg/gradle/initialization/BuildRequestContext;)Lorg/gradle/launcher/exec/BuildActionResult;+95
j  org.gradle.internal.buildprocess.execution.BuildSessionLifecycleBuildActionExecutor.execute(Lorg/gradle/internal/invocation/BuildAction;Ljava/lang/Object;Ljava/lang/Object;)Lorg/gradle/launcher/exec/BuildActionResult;+10
j  org.gradle.internal.buildprocess.execution.StartParamsValidatingActionExecutor.execute(Lorg/gradle/internal/invocation/BuildAction;Lorg/gradle/launcher/exec/BuildActionParameters;Lorg/gradle/initialization/BuildRequestContext;)Lorg/gradle/launcher/exec/BuildActionResult;+203
j  org.gradle.internal.buildprocess.execution.StartParamsValidatingActionExecutor.execute(Lorg/gradle/internal/invocation/BuildAction;Ljava/lang/Object;Ljava/lang/Object;)Lorg/gradle/launcher/exec/BuildActionResult;+10
j  org.gradle.internal.buildprocess.execution.SessionFailureReportingActionExecutor.execute(Lorg/gradle/internal/invocation/BuildAction;Lorg/gradle/launcher/exec/BuildActionParameters;Lorg/gradle/initialization/BuildRequestContext;)Lorg/gradle/launcher/exec/BuildActionResult;+7
j  org.gradle.internal.buildprocess.execution.SessionFailureReportingActionExecutor.execute(Lorg/gradle/internal/invocation/BuildAction;Ljava/lang/Object;Ljava/lang/Object;)Lorg/gradle/launcher/exec/BuildActionResult;+10
j  org.gradle.internal.buildprocess.execution.SetupLoggingActionExecutor.execute(Lorg/gradle/internal/invocation/BuildAction;Lorg/gradle/launcher/exec/BuildActionParameters;Lorg/gradle/initialization/BuildRequestContext;)Lorg/gradle/launcher/exec/BuildActionResult;+50
j  org.gradle.internal.buildprocess.execution.SetupLoggingActionExecutor.execute(Lorg/gradle/internal/invocation/BuildAction;Ljava/lang/Object;Ljava/lang/Object;)Lorg/gradle/launcher/exec/BuildActionResult;+10
j  org.gradle.launcher.daemon.server.exec.ExecuteBuild.doBuild(Lorg/gradle/launcher/daemon/server/api/DaemonCommandExecution;Lorg/gradle/launcher/daemon/protocol/Build;)V+147
j  org.gradle.launcher.daemon.server.exec.BuildCommandOnly.execute(Lorg/gradle/launcher/daemon/server/api/DaemonCommandExecution;)V+49
j  org.gradle.launcher.daemon.server.api.DaemonCommandExecution.proceed()Z+23
j  org.gradle.launcher.daemon.server.exec.WatchForDisconnection.execute(Lorg/gradle/launcher/daemon/server/api/DaemonCommandExecution;)V+19
j  org.gradle.launcher.daemon.server.api.DaemonCommandExecution.proceed()Z+23
j  org.gradle.launcher.daemon.server.exec.ResetDeprecationLogger.execute(Lorg/gradle/launcher/daemon/server/api/DaemonCommandExecution;)V+7
j  org.gradle.launcher.daemon.server.api.DaemonCommandExecution.proceed()Z+23
j  org.gradle.launcher.daemon.server.exec.RequestStopIfSingleUsedDaemon.execute(Lorg/gradle/launcher/daemon/server/api/DaemonCommandExecution;)V+33
j  org.gradle.launcher.daemon.server.api.DaemonCommandExecution.proceed()Z+23
j  org.gradle.launcher.daemon.server.exec.ForwardClientInput.lambda$execute$0(Lorg/gradle/launcher/daemon/server/api/DaemonCommandExecution;Lorg/gradle/internal/daemon/clientinput/StdinHandler;)Ljava/lang/Object;+11
j  org.gradle.launcher.daemon.server.exec.ForwardClientInput$$Lambda+0x00000002282332b8.apply(Ljava/lang/Object;)Ljava/lang/Object;+8
j  org.gradle.internal.daemon.clientinput.ClientInputForwarder.forwardInput(Ljava/util/function/Function;)Ljava/lang/Object;+46
j  org.gradle.launcher.daemon.server.exec.ForwardClientInput.execute(Lorg/gradle/launcher/daemon/server/api/DaemonCommandExecution;)V+10
j  org.gradle.launcher.daemon.server.api.DaemonCommandExecution.proceed()Z+23
j  org.gradle.launcher.daemon.server.exec.LogAndCheckHealth.execute(Lorg/gradle/launcher/daemon/server/api/DaemonCommandExecution;)V+51
j  org.gradle.launcher.daemon.server.api.DaemonCommandExecution.proceed()Z+23
j  org.gradle.launcher.daemon.server.exec.LogToClient.doBuild(Lorg/gradle/launcher/daemon/server/api/DaemonCommandExecution;Lorg/gradle/launcher/daemon/protocol/Build;)V+87
j  org.gradle.launcher.daemon.server.exec.BuildCommandOnly.execute(Lorg/gradle/launcher/daemon/server/api/DaemonCommandExecution;)V+49
j  org.gradle.launcher.daemon.server.api.DaemonCommandExecution.proceed()Z+23
j  org.gradle.launcher.daemon.server.exec.EstablishBuildEnvironment.doBuild(Lorg/gradle/launcher/daemon/server/api/DaemonCommandExecution;Lorg/gradle/launcher/daemon/protocol/Build;)V+356
j  org.gradle.launcher.daemon.server.exec.BuildCommandOnly.execute(Lorg/gradle/launcher/daemon/server/api/DaemonCommandExecution;)V+49
j  org.gradle.launcher.daemon.server.api.DaemonCommandExecution.proceed()Z+23
j  org.gradle.launcher.daemon.server.exec.StartBuildOrRespondWithBusy$1.run()V+44
j  org.gradle.launcher.daemon.server.DaemonStateCoordinator.lambda$runCommand$0(Ljava/lang/Runnable;)V+1
j  org.gradle.launcher.daemon.server.DaemonStateCoordinator$$Lambda+0x0000000228231c40.run()V+8
j  org.gradle.internal.concurrent.ExecutorPolicy$CatchAndRecordFailures.onExecute(Ljava/lang/Runnable;)V+1
j  org.gradle.internal.concurrent.AbstractManagedExecutor$1.run()V+25
j  java.util.concurrent.ThreadPoolExecutor.runWorker(Ljava/util/concurrent/ThreadPoolExecutor$Worker;)V+92 java.base@21.0.12.1
j  java.util.concurrent.ThreadPoolExecutor$Worker.run()V+5 java.base@21.0.12.1
j  java.lang.Thread.runWith(Ljava/lang/Object;Ljava/lang/Runnable;)V+5 java.base@21.0.12.1
j  java.lang.Thread.run()V+19 java.base@21.0.12.1
v  ~StubRoutines::call_stub 0x0000021e8314100d

Compiled method (n/a) 5165  791     n 0       java.lang.ClassLoader::defineClass1 (native)
 total in heap  [0x0000021e83518b90,0x0000021e83519120] = 1424
 relocation     [0x0000021e83518cf0,0x0000021e83518d28] = 56
 main code      [0x0000021e83518d40,0x0000021e83519119] = 985
 stub code      [0x0000021e83519119,0x0000021e83519120] = 7

[Constant Pool (empty)]

[MachCode]
[Entry Point]
  # {method} {0x0000021e8a0229d0} 'defineClass1' '(Ljava/lang/ClassLoader;Ljava/lang/String;[BIILjava/security/ProtectionDomain;Ljava/lang/String;)Ljava/lang/Class;' in 'java/lang/ClassLoader'
  # parm0:    rdx:rdx   = 'java/lang/ClassLoader'
  # parm1:    r8:r8     = 'java/lang/String'
  # parm2:    r9:r9     = '[B'
  # parm3:    rdi       = int
  # parm4:    rsi       = int
  # parm5:    rcx:rcx   = 'java/security/ProtectionDomain'
  # parm6:    [sp+0xa0]   = 'java/lang/String'  (sp of caller)
  0x0000021e83518d40: 448b 5208 | 49c1 e203 | 493b c20f | 8407 0000 

  0x0000021e83518d50: ;   {runtime_call ic_miss_stub}
  0x0000021e83518d50: 00e9 2a5a | c7ff 6690 
[Verified Entry Point]
  0x0000021e83518d58: 8984 2400 | 80ff ff55 | 488b ec48 | 81ec 9000 | 0000 6690 | 4181 7f20 | 0300 0000 

  0x0000021e83518d74: ;   {runtime_call StubRoutines (final stubs)}
  0x0000021e83518d74: 7405 e885 | dbc5 ff48 | 837d 1000 | 488d 4510 | 480f 4445 | 1048 8944 | 2440 4889 | 4c24 7048 
  0x0000021e83518d94: 83f9 0048 | 8d44 2470 | 480f 4444 | 2470 4889 | 4424 3848 | 8974 2430 | 4889 7c24 | 284c 894c 
  0x0000021e83518db4: 2458 4983 | f900 488d | 4424 5848 | 0f44 4424 | 5848 8944 | 2420 4c89 | 4424 5049 | 83f8 004c 
  0x0000021e83518dd4: 8d4c 2450 | 4c0f 444c | 2450 4889 | 5424 4848 | 83fa 004c | 8d44 2448 | 4c0f 4444 

  0x0000021e83518df0: ;   {oop(a 'java/lang/Class'{0x0000000200771f00} = 'java/lang/ClassLoader')}
  0x0000021e83518df0: 2448 49be | 001f 7700 | 0200 0000 | 4c89 7424 | 784c 8d74 | 2478 498b | d6c5 f877 

  0x0000021e83518e0c: ;   {internal_word}
  0x0000021e83518e0c: 49ba 098e | 5183 1e02 | 0000 4d89 | 97a8 0300 | 0049 89a7 | a003 0000 

  0x0000021e83518e24: ;   {external_word}
  0x0000021e83518e24: 49ba 066d | 693d fa7f | 0000 4180 | 3a00 0f84 | 4e00 0000 | 5241 5041 

  0x0000021e83518e3c: ;   {metadata({method} {0x0000021e8a0229d0} 'defineClass1' '(Ljava/lang/ClassLoader;Ljava/lang/String;[BIILjava/security/ProtectionDomain;Ljava/lang/String;)Ljava/lang/Class;' in 'java/lang/ClassLoader')}
  0x0000021e83518e3c: 5148 bac8 | 2902 8a1e | 0200 0049 | 8bcf 4883 | ec20 40f6 | c40f 0f84 | 1900 0000 | 4883 ec08 
  0x0000021e83518e5c: ;   {runtime_call}
  0x0000021e83518e5c: 48b8 e0ea | 123d fa7f | 0000 ffd0 | 4883 c408 | e90c 0000 

  0x0000021e83518e70: ;   {runtime_call}
  0x0000021e83518e70: 0048 b8e0 | ea12 3dfa | 7f00 00ff | d048 83c4 | 2041 5941 | 585a 498d | 8fc0 0300 | 0041 c787 
  0x0000021e83518e90: 4c04 0000 | 0400 0000 

  0x0000021e83518e98: ;   {runtime_call}
  0x0000021e83518e98: 48b8 ac16 | 86e2 fa7f | 0000 ffd0 | c5f8 7741 | c787 4c04 | 0000 0500 | 0000 f083 | 4424 c000 
  0x0000021e83518eb8: 493b af50 | 0400 000f | 870e 0000 | 0041 83bf | 4804 0000 | 000f 842b | 0000 00c5 | f877 4889 
  0x0000021e83518ed8: 45f8 498b | cf4c 8be4 | 4883 ec20 | 4883 e4f0 

  0x0000021e83518ee8: ;   {runtime_call}
  0x0000021e83518ee8: 48b8 0058 | de3c fa7f | 0000 ffd0 | 498b e44d | 33e4 488b | 45f8 41c7 | 874c 0400 | 0008 0000 
  0x0000021e83518f08: 0041 83bf | c804 0000 | 020f 84d5 

  0x0000021e83518f14: ;   {external_word}
  0x0000021e83518f14: 0100 0049 | ba06 6d69 | 3dfa 7f00 | 0041 803a | 000f 844c | 0000 0048 

  0x0000021e83518f2c: ;   {metadata({method} {0x0000021e8a0229d0} 'defineClass1' '(Ljava/lang/ClassLoader;Ljava/lang/String;[BIILjava/security/ProtectionDomain;Ljava/lang/String;)Ljava/lang/Class;' in 'java/lang/ClassLoader')}
  0x0000021e83518f2c: 8945 f848 | bac8 2902 | 8a1e 0200 | 0049 8bcf | 4883 ec20 | 40f6 c40f | 0f84 1900 | 0000 4883 
  0x0000021e83518f4c: ;   {runtime_call}
  0x0000021e83518f4c: ec08 48b8 | e0ea 123d | fa7f 0000 | ffd0 4883 | c408 e90c 

  0x0000021e83518f60: ;   {runtime_call}
  0x0000021e83518f60: 0000 0048 | b8e0 ea12 | 3dfa 7f00 | 00ff d048 | 83c4 2048 | 8b45 f849 | c787 a003 | 0000 0000 
  0x0000021e83518f80: 0000 49c7 | 87a8 0300 | 0000 0000 | 00c5 f877 | 4885 c00f | 8430 0100 | 00a8 030f | 8508 0000 
  0x0000021e83518fa0: 0048 8b00 | e920 0100 | 00a8 010f | 8509 0000 | 0048 8b40 | fee9 0f01 | 0000 488b | 40ff 4180 
  0x0000021e83518fc0: 7f40 000f | 8400 0100 | 0048 83f8 | 000f 84f6 | 0000 0049 | 8b4f 2848 | 83f9 000f | 8414 0000 
  0x0000021e83518fe0: 0048 83e9 | 0849 894f | 2849 034f | 3848 8901 | e9d4 0000 | 0048 83ec | 7048 8904 | 2448 894c 
  0x0000021e83519000: 2408 4889 | 5424 104c | 8944 2418 | 4c89 4c24 | 204c 8954 | 2428 4c89 | 5c24 30c5 | fb11 4424 
  0x0000021e83519020: 40c5 fb11 | 4c24 48c5 | fb11 5424 | 50c5 fb11 | 5c24 58c5 | fb11 6424 | 60c5 fb11 | 6c24 6849 
  0x0000021e83519040: 8bd7 488b | c848 83ec | 2040 f6c4 | 0f0f 8419 | 0000 0048 

  0x0000021e83519054: ;   {runtime_call}
  0x0000021e83519054: 83ec 0848 | b820 a4d1 | 3cfa 7f00 | 00ff d048 | 83c4 08e9 | 0c00 0000 

  0x0000021e8351906c: ;   {runtime_call}
  0x0000021e8351906c: 48b8 20a4 | d13c fa7f | 0000 ffd0 | 4883 c420 | c5fb 106c | 2468 c5fb | 1064 2460 | c5fb 105c 
  0x0000021e8351908c: 2458 c5fb | 1054 2450 | c5fb 104c | 2448 c5fb | 1044 2440 | 4c8b 5c24 | 304c 8b54 | 2428 4c8b 
  0x0000021e835190ac: 4c24 204c | 8b44 2418 | 488b 5424 | 1048 8b4c | 2408 488b | 0424 4883 | c470 c5f8 | 7749 8b8f 
  0x0000021e835190cc: 3004 0000 | c781 0001 | 0000 0000 | 0000 c949 | 837f 0800 | 0f85 0100 

  0x0000021e835190e4: ;   {runtime_call StubRoutines (initial stubs)}
  0x0000021e835190e4: 0000 c3e9 | 147e c2ff | c5f8 7748 | 8945 f84c | 8be4 4883 | ec20 4883 

  0x0000021e835190fc: ;   {runtime_call}
  0x0000021e835190fc: e4f0 48b8 | 3022 133d | fa7f 0000 | ffd0 498b | e44d 33e4 | 488b 45f8 | e9fe fdff | fff4 f4f4 
  0x0000021e8351911c: f4f4 f4f4 
[/MachCode]


Compiled method (c1) 5172 1041       1       java.lang.ClassLoader::defineClass (43 bytes)
 total in heap  [0x0000021e83583090,0x0000021e83583658] = 1480
 relocation     [0x0000021e835831f0,0x0000021e83583260] = 112
 main code      [0x0000021e83583260,0x0000021e83583428] = 456
 stub code      [0x0000021e83583428,0x0000021e835834a0] = 120
 metadata       [0x0000021e835834a0,0x0000021e835834d0] = 48
 scopes data    [0x0000021e835834d0,0x0000021e83583588] = 184
 scopes pcs     [0x0000021e83583588,0x0000021e83583628] = 160
 dependencies   [0x0000021e83583628,0x0000021e83583630] = 8
 nul chk table  [0x0000021e83583630,0x0000021e83583658] = 40

[Constant Pool (empty)]

[MachCode]
[Entry Point]
  # {method} {0x0000021e8a022820} 'defineClass' '(Ljava/lang/String;[BIILjava/security/ProtectionDomain;)Ljava/lang/Class;' in 'java/lang/ClassLoader'
  # this:     rdx:rdx   = 'java/lang/ClassLoader'
  # parm0:    r8:r8     = 'java/lang/String'
  # parm1:    r9:r9     = '[B'
  # parm2:    rdi       = int
  # parm3:    rsi       = int
  # parm4:    rcx:rcx   = 'java/security/ProtectionDomain'
  #           [sp+0xc0]  (sp of caller)
  0x0000021e83583260: 448b 5208 | 49c1 e203 

  0x0000021e83583268: ;   {runtime_call ic_miss_stub}
  0x0000021e83583268: 4c3b d00f | 850f b5c0 | ff66 6666 | 0f1f 8400 | 0000 0000 | 6666 6690 
[Verified Entry Point]
  0x0000021e83583280: 8984 2400 | 80ff ff55 | 4881 ecb0 | 0000 0090 | 4181 7f20 | 0300 0000 

  0x0000021e83583298: ;   {runtime_call StubRoutines (final stubs)}
  0x0000021e83583298: 7405 e861 | 36bf ff48 | 8954 2478 | 89b4 2494 | 0000 0089 | bc24 9000 | 0000 4c89 | 8c24 8800 
  0x0000021e835832b8: 0000 498b | d84c 8bc3 | 4c8b c948 | 8bca 488b | d148 899c | 2480 0000 | 0066 0f1f 

  0x0000021e835832d4: ;   {optimized virtual_call}
  0x0000021e835832d4: 4400 00e8 

  0x0000021e835832d8: ; ImmutableOopMap {[120]=Oop [128]=Oop [136]=Oop }
                      ;*invokevirtual preDefineClass {reexecute=0 rethrow=0 return_oop=0}
                      ; - java.lang.ClassLoader::defineClass@4
  0x0000021e835832d8: e410 0300 

  0x0000021e835832dc: ;   {other}
  0x0000021e835832dc: 0f1f 8400 | 4c02 0000 | 4889 8424 | 9800 0000 

  0x0000021e835832ec: ; implicit exception: dispatches to 0x0000021e835833d2
  0x0000021e835832ec: 448b 4010 | 49c1 e003 | 4d85 c00f | 850f 0000 

  0x0000021e835832fc: ;   {oop(nullptr)}
  0x0000021e835832fc: 0048 bb00 | 0000 0000 | 0000 00e9 | 4300 0000 

  0x0000021e8358330c: ; implicit exception: dispatches to 0x0000021e835833d7
  0x0000021e8358330c: 458b 400c | 49c1 e003 | 4d85 c00f | 850f 0000 

  0x0000021e8358331c: ;   {oop(nullptr)}
  0x0000021e8358331c: 0048 bb00 | 0000 0000 | 0000 00e9 | 2300 0000 

  0x0000021e8358332c: ; implicit exception: dispatches to 0x0000021e835833dc
  0x0000021e8358332c: 418b 5038 | 48c1 e203 

  0x0000021e83583334: ; implicit exception: dispatches to 0x0000021e835833e1
                      ;   {optimized virtual_call}
  0x0000021e83583334: 483b 02e8 

  0x0000021e83583338: ; ImmutableOopMap {[120]=Oop [128]=Oop [136]=Oop [152]=Oop }
                      ;*invokevirtual toExternalForm {reexecute=0 rethrow=0 return_oop=0}
                      ; - java.net.URL::toExternalForm@5
                      ; - java.net.URL::toString@1
                      ; - java.lang.ClassLoader::defineClassSourceLocation@22
                      ; - java.lang.ClassLoader::defineClass@12
  0x0000021e83583338: 448f e6ff 

  0x0000021e8358333c: ;   {other}
  0x0000021e8358333c: 0f1f 8400 | ac02 0001 | 488b d848 | 8b84 2498 | 0000 008b | b424 9400 | 0000 8bbc | 2490 0000 
  0x0000021e8358335c: 004c 8b8c | 2488 0000 | 004c 8b84 | 2480 0000 | 0048 8b54 | 2478 4c8b | da49 8bd3 | 488b c848 
  0x0000021e8358337c: ;   {static_call}
  0x0000021e8358337c: 891c 24e8 

  0x0000021e83583380: ; ImmutableOopMap {[120]=Oop [152]=Oop }
                      ;*invokestatic defineClass1 {reexecute=0 rethrow=0 return_oop=0}
                      ; - java.lang.ClassLoader::defineClass@27
  0x0000021e83583380: d459 f9ff 

  0x0000021e83583384: ;   {other}
  0x0000021e83583384: 0f1f 8400 | f402 0002 | 4c8b c04c | 8b8c 2498 | 0000 0048 | 8b54 2478 | 4889 8424 | a000 0000 
  0x0000021e835833a4: ;   {optimized virtual_call}
  0x0000021e835833a4: 6666 90e8 

  0x0000021e835833a8: ; ImmutableOopMap {[160]=Oop }
                      ;*invokevirtual postDefineClass {reexecute=0 rethrow=0 return_oop=0}
                      ; - java.lang.ClassLoader::defineClass@37
  0x0000021e835833a8: 541d 0300 

  0x0000021e835833ac: ;   {other}
  0x0000021e835833ac: 0f1f 8400 | 1c03 0003 | 488b 8424 | a000 0000 | 4881 c4b0 | 0000 005d 

  0x0000021e835833c4: ;   {poll_return}
  0x0000021e835833c4: 493b a750 | 0400 000f | 8715 0000 

  0x0000021e835833d0: ;   {runtime_call throw_null_pointer_exception Runtime1 stub}
  0x0000021e835833d0: 00c3 e8a9 

  0x0000021e835833d4: ; ImmutableOopMap {rax=Oop [120]=Oop [128]=Oop [136]=Oop [152]=Oop }
                      ;*invokevirtual getCodeSource {reexecute=0 rethrow=0 return_oop=0}
                      ; - java.lang.ClassLoader::defineClassSourceLocation@1
                      ; - java.lang.ClassLoader::defineClass@12
                      ;   {runtime_call throw_null_pointer_exception Runtime1 stub}
  0x0000021e835833d4: 62cb ffe8 

  0x0000021e835833d8: ; ImmutableOopMap {rax=Oop [120]=Oop [128]=Oop [136]=Oop [152]=Oop }
                      ;*invokevirtual getLocation {reexecute=0 rethrow=0 return_oop=0}
                      ; - java.lang.ClassLoader::defineClassSourceLocation@12
                      ; - java.lang.ClassLoader::defineClass@12
  0x0000021e835833d8: a462 cbff 

  0x0000021e835833dc: ;   {runtime_call throw_null_pointer_exception Runtime1 stub}
  0x0000021e835833dc: e89f 62cb 

  0x0000021e835833e0: ; ImmutableOopMap {r8=Oop [120]=Oop [128]=Oop [136]=Oop [152]=Oop }
                      ;*invokevirtual toString {reexecute=0 rethrow=0 return_oop=0}
                      ; - java.lang.ClassLoader::defineClassSourceLocation@22
                      ; - java.lang.ClassLoader::defineClass@12
                      ;   {runtime_call throw_null_pointer_exception Runtime1 stub}
  0x0000021e835833e0: ffe8 9a62 

  0x0000021e835833e4: ; ImmutableOopMap {r8=Oop rdx=Oop [120]=Oop [128]=Oop [136]=Oop [152]=Oop }
                      ;*invokevirtual toExternalForm {reexecute=0 rethrow=0 return_oop=0}
                      ; - java.net.URL::toExternalForm@5
                      ; - java.net.URL::toString@1
                      ; - java.lang.ClassLoader::defineClassSourceLocation@22
                      ; - java.lang.ClassLoader::defineClass@12
                      ;   {internal_word}
  0x0000021e835833e4: cbff 49ba | c433 5883 | 1e02 0000 | 4d89 9768 

  0x0000021e835833f4: ;   {runtime_call SafepointBlob}
  0x0000021e835833f4: 0400 00e9 | 0420 c1ff | 498b 8700 | 0500 0049 | c787 0005 | 0000 0000 | 0000 49c7 | 8708 0500 
  0x0000021e83583414: 0000 0000 | 0048 81c4 | b000 0000 

  0x0000021e83583420: ;   {runtime_call unwind_exception Runtime1 stub}
  0x0000021e83583420: 5de9 5a53 | cbff f4f4 
[Stub Code]
  0x0000021e83583428: ;   {no_reloc}
  0x0000021e83583428: 0f1f 4400 

  0x0000021e8358342c: ;   {static_stub}
  0x0000021e8358342c: 0048 bb00 | 0000 0000 

  0x0000021e83583434: ;   {runtime_call nmethod}
  0x0000021e83583434: 0000 00e9 | fbff ffff 

  0x0000021e8358343c: ;   {static_stub}
  0x0000021e8358343c: 48bb a825 | 028a 1e02 

  0x0000021e83583444: ;   {runtime_call I2C/C2I adapters}
  0x0000021e83583444: 0000 e917 

  0x0000021e83583448: ;   {static_stub}
  0x0000021e83583448: 7ac0 ff48 | bb00 0000 | 0000 0000 

  0x0000021e83583454: ;   {runtime_call nmethod}
  0x0000021e83583454: 00e9 fbff 

  0x0000021e83583458: ;   {static_stub}
  0x0000021e83583458: ffff 48bb | 4027 028a | 1e02 0000 

  0x0000021e83583464: ;   {runtime_call I2C/C2I adapters}
  0x0000021e83583464: e9f9 79c0 

  0x0000021e83583468: ;   {runtime_call handle_exception_from_callee Runtime1 stub}
  0x0000021e83583468: ffe8 1280 

  0x0000021e8358346c: ;   {external_word}
  0x0000021e8358346c: cbff 48b9 | 5063 3f3d | fa7f 0000 | 4883 e4f0 

  0x0000021e8358347c: ;   {runtime_call}
  0x0000021e8358347c: 48b8 c0c9 | 013d fa7f | 0000 ffd0 

  0x0000021e83583488: ;   {section_word}
  0x0000021e83583488: f449 ba89 | 3458 831e | 0200 0041 

  0x0000021e83583494: ;   {runtime_call DeoptimizationBlob}
  0x0000021e83583494: 52e9 0612 | c1ff f4f4 | f4f4 f4f4 
[/MachCode]


Compiled method (c1) 5178 1508   !   1       java.net.URLClassLoader::defineClass (224 bytes)
 total in heap  [0x0000021e8364c390,0x0000021e8364e9e8] = 9816
 relocation     [0x0000021e8364c4f0,0x0000021e8364c7a8] = 696
 main code      [0x0000021e8364c7c0,0x0000021e8364d960] = 4512
 stub code      [0x0000021e8364d960,0x0000021e8364db68] = 520
 oops           [0x0000021e8364db68,0x0000021e8364db78] = 16
 metadata       [0x0000021e8364db78,0x0000021e8364dce0] = 360
 scopes data    [0x0000021e8364dce0,0x0000021e8364e270] = 1424
 scopes pcs     [0x0000021e8364e270,0x0000021e8364e6e0] = 1136
 dependencies   [0x0000021e8364e6e0,0x0000021e8364e728] = 72
 handler table  [0x0000021e8364e728,0x0000021e8364e950] = 552
 nul chk table  [0x0000021e8364e950,0x0000021e8364e9e8] = 152

[Constant Pool (empty)]

[MachCode]
[Entry Point]
  # {method} {0x0000021e8a557ac0} 'defineClass' '(Ljava/lang/String;Ljdk/internal/loader/Resource;)Ljava/lang/Class;' in 'java/net/URLClassLoader'
  # this:     rdx:rdx   = 'java/net/URLClassLoader'
  # parm0:    r8:r8     = 'java/lang/String'
  # parm1:    r9:r9     = 'jdk/internal/loader/Resource'
  #           [sp+0x1c0]  (sp of caller)
  0x0000021e8364c7c0: 448b 5208 | 49c1 e203 

  0x0000021e8364c7c8: ;   {runtime_call ic_miss_stub}
  0x0000021e8364c7c8: 4c3b d00f | 85af 1fb4 | ff66 6666 | 0f1f 8400 | 0000 0000 | 6666 6690 
[Verified Entry Point]
  0x0000021e8364c7e0: 8984 2400 | 80ff ff55 | 4881 ecb0 | 0100 0090 | 4181 7f20 | 0300 0000 

  0x0000021e8364c7f8: ;   {runtime_call StubRoutines (final stubs)}
  0x0000021e8364c7f8: 7405 e801 | a1b2 ff4c | 8984 24d8 | 0000 004c | 898c 24e0 | 0000 0048 | 8994 24e8 

  0x0000021e8364c814: ;   {runtime_call}
  0x0000021e8364c814: 0000 0048 | b8d0 300c | 3dfa 7f00 

  0x0000021e8364c820: ;   {other}
  0x0000021e8364c820: 00ff d00f | 1f84 0000 | 0000 0048 | 8984 24f0 | 0000 004c | 8b84 24d8 | 0000 0041 | 8b70 1448 
  0x0000021e8364c840: c1e6 038b | 560c 450f | be48 1049 | 8bc9 c1e1 | 18c1 f918 | d3fa 488b | faff cf45 | 85c9 ba00 
  0x0000021e8364c860: 0000 0075 | 05ba 0100 | 0000 83e2 | 0185 d248 | 8bd6 41b8 | 2e00 0000 | 4c8b cf0f | 8418 0000 
  0x0000021e8364c880: 0066 0f1f 

  0x0000021e8364c884: ;   {static_call}
  0x0000021e8364c884: 4400 00e8 

  0x0000021e8364c888: ; ImmutableOopMap {[216]=Oop [224]=Oop [232]=Oop }
                      ;*invokestatic lastIndexOf {reexecute=0 rethrow=0 return_oop=0}
                      ; - java.lang.String::lastIndexOf@13
                      ; - java.lang.String::lastIndexOf@8
                      ; - java.net.URLClassLoader::defineClass@7
  0x0000021e8364c888: 3471 ceff 

  0x0000021e8364c88c: ;   {other}
  0x0000021e8364c88c: 0f1f 8400 | fc04 0000 | e913 0000 | 0066 0f1f 

  0x0000021e8364c89c: ;   {static_call}
  0x0000021e8364c89c: 4400 00e8 

  0x0000021e8364c8a0: ; ImmutableOopMap {[216]=Oop [224]=Oop [232]=Oop }
                      ;*invokestatic lastIndexOf {reexecute=0 rethrow=0 return_oop=0}
                      ; - java.lang.String::lastIndexOf@25
                      ; - java.lang.String::lastIndexOf@8
                      ; - java.net.URLClassLoader::defineClass@7
  0x0000021e8364c8a0: dc27 b4ff 

  0x0000021e8364c8a4: ;   {other}
  0x0000021e8364c8a4: 0f1f 8400 | 1405 0001 | 4c8b 8c24 | e000 0000 

  0x0000021e8364c8b4: ; implicit exception: dispatches to 0x0000021e8364d671
  0x0000021e8364c8b4: 458b 4120 | 49c1 e003 

  0x0000021e8364c8bc: ; implicit exception: dispatches to 0x0000021e8364d676
  0x0000021e8364c8bc: 418b 701c | 48c1 e603 | 4889 b424 | f800 0000 | 83f8 ff0f | 8450 0300 | 0041 b800 | 0000 004c 
  0x0000021e8364c8dc: 8bc8 488b | 9424 d800 

  0x0000021e8364c8e4: ;   {optimized virtual_call}
  0x0000021e8364c8e4: 0000 90e8 

  0x0000021e8364c8e8: ; ImmutableOopMap {[216]=Oop [224]=Oop [232]=Oop [248]=Oop }
                      ;*invokevirtual substring {reexecute=0 rethrow=0 return_oop=0}
                      ; - java.net.URLClassLoader::defineClass@28
  0x0000021e8364c8e8: 1449 ccff 

  0x0000021e8364c8ec: ;   {other}
  0x0000021e8364c8ec: 0f1f 8400 | 5c05 0002 | 4889 8424 | 0001 0000 

  0x0000021e8364c8fc: ;   {oop(a 'java/lang/Class'{0x000000020048d690} = 'jdk/internal/access/SharedSecrets')}
  0x0000021e8364c8fc: 48be 90d6 | 4800 0200 | 0000 8bb6 | d400 0000 | 48c1 e603 | 4885 f60f | 853d 0100 | 0066 0f1f 
  0x0000021e8364c91c: ;   {static_call}
  0x0000021e8364c91c: 4400 00e8 

  0x0000021e8364c920: ; ImmutableOopMap {[216]=Oop [224]=Oop [232]=Oop [248]=Oop [256]=Oop }
                      ;*invokestatic getCallerClass {reexecute=0 rethrow=0 return_oop=0}
                      ; - java.lang.invoke.MethodHandles::lookup@0
                      ; - jdk.internal.access.SharedSecrets::ensureClassInitialized@0
                      ; - jdk.internal.access.SharedSecrets::javaUtilJarAccess@10
                      ; - jdk.internal.loader.URLClassPath$JarLoader$2::getManifest@0
                      ; - java.net.URLClassLoader::defineClass@34
  0x0000021e8364c920: 5c27 b4ff 

  0x0000021e8364c924: ;   {other}
  0x0000021e8364c924: 0f1f 8400 | 9405 0003 | 4c8b c04d | 85c0 0f84 | 9900 0000 

  0x0000021e8364c938: ;   {metadata('java/lang/invoke/MethodHandles$Lookup')}
  0x0000021e8364c938: 48ba 1091 | 0728 0200 | 0000 498b | 87b8 0100 | 0048 8d78 | 2049 3bbf | c801 0000 | 0f87 210d 
  0x0000021e8364c958: 0000 4989 | bfb8 0100 | 0048 c700 | 0100 0000 | 488b ca48 | c1e9 0389 | 4808 4833 | c989 480c 
  0x0000021e8364c978: 4833 c948 | 8948 1048 

  0x0000021e8364c980: ;   {oop(nullptr)}
  0x0000021e8364c980: 8948 1849 | b900 0000 | 0000 0000 | 00bf 5f00 | 0000 488b | d048 8984 | 2408 0100 

  0x0000021e8364c99c: ;   {optimized virtual_call}
  0x0000021e8364c99c: 0066 90e8 

  0x0000021e8364c9a0: ; ImmutableOopMap {[216]=Oop [224]=Oop [232]=Oop [248]=Oop [256]=Oop [264]=Oop }
                      ;*invokespecial <init> {reexecute=0 rethrow=0 return_oop=0}
                      ; - java.lang.invoke.MethodHandles$Lookup::<init>@5
                      ; - java.lang.invoke.MethodHandles::lookup@23
                      ; - jdk.internal.access.SharedSecrets::ensureClassInitialized@0
                      ; - jdk.internal.access.SharedSecrets::javaUtilJarAccess@10
                      ; - jdk.internal.loader.URLClassPath$JarLoader$2::getManifest@0
                      ; - java.net.URLClassLoader::defineClass@34
  0x0000021e8364c9a0: dc20 b4ff 

  0x0000021e8364c9a4: ;   {other}
  0x0000021e8364c9a4: 0f1f 8400 | 1406 0004 

  0x0000021e8364c9ac: ;   {oop(a 'java/lang/Class'{0x00000002003f9ea0} = 'java/util/jar/JarFile')}
  0x0000021e8364c9ac: 49b8 a09e | 3f00 0200 | 0000 488b | 9424 0801 

  0x0000021e8364c9bc: ;   {optimized virtual_call}
  0x0000021e8364c9bc: 0000 90e8 

  0x0000021e8364c9c0: ; ImmutableOopMap {[216]=Oop [224]=Oop [232]=Oop [248]=Oop [256]=Oop }
                      ;*invokevirtual ensureInitialized {reexecute=0 rethrow=0 return_oop=0}
                      ; - jdk.internal.access.SharedSecrets::ensureClassInitialized@4
                      ; - jdk.internal.access.SharedSecrets::javaUtilJarAccess@10
                      ; - jdk.internal.loader.URLClassPath$JarLoader$2::getManifest@0
                      ; - java.net.URLClassLoader::defineClass@34
  0x0000021e8364c9c0: bc20 b4ff 

  0x0000021e8364c9c4: ;   {other}
  0x0000021e8364c9c4: 0f1f 8400 | 3406 0005 | e96e 0000 | 000f 1f80 | 0000 0000 

  0x0000021e8364c9d8: ;   {no_reloc}
  0x0000021e8364c9d8: e9ba 0c00 | 0000 0000 | 0000 e9ba 

  0x0000021e8364c9e4: ;   {oop("no caller frame"{0x0000000200459810})}
  0x0000021e8364c9e4: 0c00 0049 | b810 9845 | 0002 0000 | 0048 8bd0 | 4889 8424 | 1001 0000 

  0x0000021e8364c9fc: ;   {optimized virtual_call}
  0x0000021e8364c9fc: 6666 90e8 

  0x0000021e8364ca00: ; ImmutableOopMap {[216]=Oop [224]=Oop [232]=Oop [248]=Oop [256]=Oop [272]=Oop }
                      ;*invokespecial <init> {reexecute=0 rethrow=0 return_oop=0}
                      ; - java.lang.invoke.MethodHandles::lookup@14
                      ; - jdk.internal.access.SharedSecrets::ensureClassInitialized@0
                      ; - jdk.internal.access.SharedSecrets::javaUtilJarAccess@10
                      ; - jdk.internal.loader.URLClassPath$JarLoader$2::getManifest@0
                      ; - java.net.URLClassLoader::defineClass@34
  0x0000021e8364ca00: 7c20 b4ff 

  0x0000021e8364ca04: ;   {other}
  0x0000021e8364ca04: 0f1f 8400 | 7406 0006 | 488b 8424 

  0x0000021e8364ca10: ; ImmutableOopMap {rax=Oop [216]=Oop [224]=Oop [232]=Oop [248]=Oop [256]=Oop }
                      ;*athrow {reexecute=1 rethrow=0 return_oop=0}
                      ; - (reexecute) java.lang.invoke.MethodHandles::lookup@17
                      ; - jdk.internal.access.SharedSecrets::ensureClassInitialized@0
                      ; - jdk.internal.access.SharedSecrets::javaUtilJarAccess@10
                      ; - jdk.internal.loader.URLClassPath$JarLoader$2::getManifest@0
                      ; - java.net.URLClassLoader::defineClass@34
  0x0000021e8364ca10: 1001 0000 

  0x0000021e8364ca14: ;   {section_word}
  0x0000021e8364ca14: 48ba 14ca | 6483 1e02 

  0x0000021e8364ca1c: ;   {runtime_call handle_exception_nofpu Runtime1 stub}
  0x0000021e8364ca1c: 0000 e85d | e4be ff90 | 498b 8700 | 0500 004d | 33d2 4d89 | 9700 0500 | 004d 33d2 | 4d89 9708 
  0x0000021e8364ca3c: ;   {oop(a 'java/lang/Class'{0x000000020048d690} = 'jdk/internal/access/SharedSecrets')}
  0x0000021e8364ca3c: 0500 0048 | ba90 d648 | 0002 0000 | 008b 92d4 | 0000 0048 | c1e2 0348 | 8bf2 4c8b | 8c24 e000 
  0x0000021e8364ca5c: 0000 418b | 5120 48c1 | e203 8b52 | 1848 c1e2 | 0348 85f6 | 0f84 2000 

  0x0000021e8364ca74: ;   {metadata('java/util/jar/JavaUtilJarAccessImpl')}
  0x0000021e8364ca74: 0000 48b9 | d0e6 0028 | 0200 0000 | 8b46 0848 | c1e0 0348 | 3b48 380f | 8522 0c00 | 00e9 0000 
  0x0000021e8364ca94: 0000 488b | fe48 3b06 

  0x0000021e8364ca9c: ; implicit exception: dispatches to 0x0000021e8364d6bd
                      ;   {optimized virtual_call}
  0x0000021e8364ca9c: 483b 02e8 

  0x0000021e8364caa0: ; ImmutableOopMap {[216]=Oop [224]=Oop [232]=Oop [248]=Oop [256]=Oop }
                      ;*invokevirtual ensureInitialization {reexecute=0 rethrow=0 return_oop=0}
                      ; - java.util.jar.JavaUtilJarAccessImpl::ensureInitialization@1
                      ; - jdk.internal.loader.URLClassPath$JarLoader$2::getManifest@10
                      ; - java.net.URLClassLoader::defineClass@34
  0x0000021e8364caa0: fc24 0000 

  0x0000021e8364caa4: ;   {other}
  0x0000021e8364caa4: 0f1f 8400 | 1407 0008 | 4c8b 8c24 | e000 0000 | 418b 5120 | 48c1 e203 

  0x0000021e8364cabc: ; implicit exception: dispatches to 0x0000021e8364d6c2
  0x0000021e8364cabc: 8b52 1848 | c1e2 0366 | 9048 b810 | e200 2802 

  0x0000021e8364cacc: ;   {virtual_call}
  0x0000021e8364cacc: 0000 00e8 

  0x0000021e8364cad0: ; ImmutableOopMap {[216]=Oop [224]=Oop [232]=Oop [248]=Oop [256]=Oop }
                      ;*invokevirtual getManifest {reexecute=0 rethrow=0 return_oop=0}
                      ; - jdk.internal.loader.URLClassPath$JarLoader$2::getManifest@22
                      ; - java.net.URLClassLoader::defineClass@34
  0x0000021e8364cad0: ec42 0000 

  0x0000021e8364cad4: ;   {other}
  0x0000021e8364cad4: 0f1f 8400 | 4407 0009 | 4889 8424 | 1801 0000 | 4c8b 8424 | 0001 0000 | 4c8b c848 | 8bbc 24f8 
  0x0000021e8364caf4: 0000 0048 | 8b94 24e8 

  0x0000021e8364cafc: ;   {optimized virtual_call}
  0x0000021e8364cafc: 0000 00e8 

  0x0000021e8364cb00: ; ImmutableOopMap {[216]=Oop [224]=Oop [232]=Oop [248]=Oop [256]=Oop [280]=Oop }
                      ;*invokevirtual getAndVerifyPackage {reexecute=0 rethrow=0 return_oop=0}
                      ; - java.net.URLClassLoader::defineClass@46
  0x0000021e8364cb00: 5cd7 f1ff 

  0x0000021e8364cb04: ;   {other}
  0x0000021e8364cb04: 0f1f 8400 | 7407 000a | 4885 c00f | 840d 0000 | 004c 8b8c | 24e0 0000 | 00e9 0301 | 0000 488b 
  0x0000021e8364cb24: 8424 1801 | 0000 4885 | c04c 8b84 | 2400 0100 | 000f 8426 | 0000 004c | 8bc8 488b | bc24 f800 
  0x0000021e8364cb44: 0000 488b | 9424 e800 

  0x0000021e8364cb4c: ;   {optimized virtual_call}
  0x0000021e8364cb4c: 0000 90e8 

  0x0000021e8364cb50: ; ImmutableOopMap {[216]=Oop [224]=Oop [232]=Oop [248]=Oop [256]=Oop [280]=Oop }
                      ;*invokevirtual definePackage {reexecute=0 rethrow=0 return_oop=0}
                      ; - java.net.URLClassLoader::defineClass@64
  0x0000021e8364cb50: eca5 0600 

  0x0000021e8364cb54: ;   {other}
  0x0000021e8364cb54: 0f1f 8400 | c407 000b | e95b 0000 

  0x0000021e8364cb60: ;   {oop(nullptr)}
  0x0000021e8364cb60: 0049 b900 | 0000 0000 

  0x0000021e8364cb68: ;   {oop(nullptr)}
  0x0000021e8364cb68: 0000 0048 | bf00 0000 | 0000 0000 

  0x0000021e8364cb74: ;   {oop(nullptr)}
  0x0000021e8364cb74: 0048 be00 | 0000 0000 

  0x0000021e8364cb7c: ;   {oop(nullptr)}
  0x0000021e8364cb7c: 0000 0048 | b900 0000 | 0000 0000 | 004d 33d2 | 4c89 1424 | 4d33 d24c | 8954 2408 | 4d33 d24c 
  0x0000021e8364cb9c: 8954 2410 | 488b 9424 | e800 0000 | 0f1f 8000 

  0x0000021e8364cbac: ;   {optimized virtual_call}
  0x0000021e8364cbac: 0000 00e8 

  0x0000021e8364cbb0: ; ImmutableOopMap {[216]=Oop [224]=Oop [232]=Oop [248]=Oop [256]=Oop [280]=Oop }
                      ;*invokevirtual definePackage {reexecute=0 rethrow=0 return_oop=0}
                      ; - java.net.URLClassLoader::defineClass@81
  0x0000021e8364cbb0: cc1e b4ff 

  0x0000021e8364cbb4: ;   {other}
  0x0000021e8364cbb4: 0f1f 8400 | 2408 000c | 4c8b 8c24 | e000 0000 | e95c 0000 | 004c 8b8c | 2418 0100 | 0049 8b87 
  0x0000021e8364cbd4: 0005 0000 | 4d33 d24d | 8997 0005 | 0000 4d33 | d24d 8997 | 0805 0000 | 4c8b 8424 | 0001 0000 
  0x0000021e8364cbf4: 488b bc24 | f800 0000 | 488b 9424 | e800 0000 

  0x0000021e8364cc04: ;   {optimized virtual_call}
  0x0000021e8364cc04: 6666 90e8 

  0x0000021e8364cc08: ; ImmutableOopMap {[216]=Oop [224]=Oop [232]=Oop [248]=Oop [256]=Oop }
                      ;*invokevirtual getAndVerifyPackage {reexecute=0 rethrow=0 return_oop=0}
                      ; - java.net.URLClassLoader::defineClass@97
  0x0000021e8364cc08: 741e b4ff 

  0x0000021e8364cc0c: ;   {other}
  0x0000021e8364cc0c: 0f1f 8400 | 7c08 000d | 4885 c00f | 84ad 0600 | 004c 8b8c | 24e0 0000 | 004c 8d84 | 2480 0100 
  0x0000021e8364cc2c: 004d 8948 | 0849 8b01 | 4883 c801 | 4989 00f0 | 4d0f b101 | 0f84 1200 | 0000 482b | c448 2507 
  0x0000021e8364cc4c: f0ff ff49 | 8900 0f85 | 6f0a 0000 | 49ff 8750 | 0500 0045 | 8b41 0c49 | c1e0 034d | 85c0 0f85 
  0x0000021e8364cc6c: 6000 0000 | 458b 4120 | 49c1 e003 

  0x0000021e8364cc78: ; implicit exception: dispatches to 0x0000021e8364d6da
  0x0000021e8364cc78: 418b 5018 | 48c1 e203 | 458b 411c | 49c1 e003 

  0x0000021e8364cc88: ; implicit exception: dispatches to 0x0000021e8364d6df
  0x0000021e8364cc88: 483b 020f 

  0x0000021e8364cc8c: ;   {optimized virtual_call}
  0x0000021e8364cc8c: 1f40 00e8 

  0x0000021e8364cc90: ; ImmutableOopMap {[216]=Oop [224]=Oop [232]=Oop [248]=Oop [392]=Oop }
                      ;*invokevirtual getInputStream {reexecute=0 rethrow=0 return_oop=0}
                      ; - jdk.internal.loader.URLClassPath$JarLoader$2::getInputStream@11
                      ; - jdk.internal.loader.Resource::cachedInputStream@9
                      ; - jdk.internal.loader.Resource::getByteBuffer@1
                      ; - java.net.URLClassLoader::defineClass@132
  0x0000021e8364cc90: 6cc0 ffff 

  0x0000021e8364cc94: ;   {other}
  0x0000021e8364cc94: 0f1f 8400 | 0409 000e | 410f be57 | 4085 d24c | 8b8c 24e0 | 0000 000f | 8533 0a00 | 004c 8bd0 
  0x0000021e8364ccb4: 49c1 ea03 | 4589 510c | 498b d148 | 33d0 48c1 | ea14 4883 | fa00 0f85 | 340a 0000 | 418b 510c 
  0x0000021e8364ccd4: 48c1 e203 | 488d 8424 | 8001 0000 | 488b 3048 | 85f6 0f84 | 0f00 0000 | 488b 7808 | f048 0fb1 
  0x0000021e8364ccf4: 370f 8521 | 0a00 0049 | ff8f 5005 | 0000 4885 | d20f 843a 

  0x0000021e8364cd08: ;   {metadata('sun/nio/ByteBuffered')}
  0x0000021e8364cd08: 0000 0048 | b810 ca08 | 2802 0000 | 008b 5a08 | 48c1 e303 | 483b 4320 | 0f84 2400 | 0000 483b 
  0x0000021e8364cd28: d80f 841b | 0000 0053 

  0x0000021e8364cd30: ;   {runtime_call slow_subtype_check Runtime1 stub}
  0x0000021e8364cd30: 50e8 4af3 | beff 5b5b | 85db 0f84 | 0500 0000 | e905 0000 | 0048 33f6 | eb07 48c7 | c601 0000 
  0x0000021e8364cd50: 0085 f60f | 8460 0000 | 0048 85d2 | 0f84 3a00 

  0x0000021e8364cd60: ;   {metadata('sun/nio/ByteBuffered')}
  0x0000021e8364cd60: 0000 48bb | 10ca 0828 | 0200 0000 | 8b7a 0848 | c1e7 0348 | 3b5f 200f | 841f 0000 | 0048 3bfb 
  0x0000021e8364cd80: 0f84 1600 | 0000 5753 

  0x0000021e8364cd88: ;   {runtime_call slow_subtype_check Runtime1 stub}
  0x0000021e8364cd88: e8f3 f2be | ff5f 5f85 | ff0f 849b | 0900 00e9 | 0000 0000 | 9048 b8ff | ffff ffff 

  0x0000021e8364cda4: ;   {virtual_call}
  0x0000021e8364cda4: ffff ffe8 

  0x0000021e8364cda8: ; ImmutableOopMap {[216]=Oop [224]=Oop [232]=Oop [248]=Oop }
                      ;*invokeinterface getByteBuffer {reexecute=0 rethrow=0 return_oop=0}
                      ; - jdk.internal.loader.Resource::getByteBuffer@16
                      ; - java.net.URLClassLoader::defineClass@132
  0x0000021e8364cda8: d41f b4ff 

  0x0000021e8364cdac: ;   {other}
  0x0000021e8364cdac: 0f1f 8400 | 1c0a 000f | e90a 0000 

  0x0000021e8364cdb8: ;   {oop(nullptr)}
  0x0000021e8364cdb8: 0048 b800 | 0000 0000 | 0000 0048 | 85c0 0f84 | 5e02 0000 | 4889 8424 | 2001 0000 | 4c8b 8c24 
  0x0000021e8364cdd8: e000 0000 | 418b 511c | 48c1 e203 | 9048 b8ff | ffff ffff 

  0x0000021e8364cdec: ;   {virtual_call}
  0x0000021e8364cdec: ffff ffe8 

  0x0000021e8364cdf0: ; ImmutableOopMap {[216]=Oop [232]=Oop [248]=Oop [288]=Oop }
                      ;*invokevirtual getCodeSigners {reexecute=0 rethrow=0 return_oop=0}
                      ; - jdk.internal.loader.URLClassPath$JarLoader$2::getCodeSigners@4
                      ; - java.net.URLClassLoader::defineClass@143
  0x0000021e8364cdf0: 8c1f b4ff 

  0x0000021e8364cdf4: ;   {other}
  0x0000021e8364cdf4: 0f1f 8400 | 640a 0010 

  0x0000021e8364cdfc: ;   {metadata('java/security/CodeSource')}
  0x0000021e8364cdfc: 4c8b c848 | ba98 3b05 | 2802 0000 | 0049 8b87 | b801 0000 | 488d 7828 | 493b bfc8 | 0100 000f 
  0x0000021e8364ce1c: 871a 0900 | 0049 89bf | b801 0000 | 48c7 0001 | 0000 0048 | 8bca 48c1 | e903 8948 | 0848 33c9 
  0x0000021e8364ce3c: 8948 0c48 | 33c9 4889 | 4810 4889 | 4818 4889 | 4820 4c8b | 8424 f800 | 0000 488b | d048 8984 
  0x0000021e8364ce5c: 2428 0100 | 0066 0f1f 

  0x0000021e8364ce64: ;   {optimized virtual_call}
  0x0000021e8364ce64: 4400 00e8 

  0x0000021e8364ce68: ; ImmutableOopMap {[216]=Oop [232]=Oop [288]=Oop [296]=Oop }
                      ;*invokespecial <init> {reexecute=0 rethrow=0 return_oop=0}
                      ; - java.net.URLClassLoader::defineClass@156
  0x0000021e8364ce68: 141c b4ff 

  0x0000021e8364ce6c: ;   {other}
  0x0000021e8364ce6c: 0f1f 8400 | dc0a 0011 

  0x0000021e8364ce74: ;   {runtime_call}
  0x0000021e8364ce74: 48b8 d030 | 0c3d fa7f | 0000 ffd0 

  0x0000021e8364ce80: ;   {other}
  0x0000021e8364ce80: 0f1f 8400 | 0000 0000 | 488b b424 | f000 0000 | 482b c648 | 8984 2438 

  0x0000021e8364ce98: ;   {oop(a 'jdk/internal/perf/PerfCounter'{0x00000002003f4900})}
  0x0000021e8364ce98: 0100 0048 | be00 493f | 0002 0000 | 004c 8d84 | 2480 0100 | 0049 8970 | 0848 8b06 | 4883 c801 
  0x0000021e8364ceb8: 4989 00f0 | 4c0f b106 | 0f84 1200 | 0000 482b | c448 2507 | f0ff ff49 | 8900 0f85 | 7508 0000 
  0x0000021e8364ced8: 49ff 8750 | 0500 004c | 8d84 2490 | 0100 0049 | 8970 0848 | 8b06 4883 | c801 4989 | 00f0 4c0f 
  0x0000021e8364cef8: b106 0f84 | 1200 0000 | 482b c448 | 2507 f0ff | ff49 8900 | 0f85 4e08 | 0000 49ff | 8750 0500 
  0x0000021e8364cf18: 008b 5610 | 48c1 e203 

  0x0000021e8364cf20: ; implicit exception: dispatches to 0x0000021e8364d773
  0x0000021e8364cf20: 483b 0241 | b800 0000 | 0048 89b4 | 2430 0100 | 0066 0f1f 

  0x0000021e8364cf34: ;   {optimized virtual_call}
  0x0000021e8364cf34: 4400 00e8 

  0x0000021e8364cf38: ; ImmutableOopMap {[216]=Oop [232]=Oop [288]=Oop [296]=Oop [304]=Oop [392]=Oop [408]=Oop }
                      ;*invokevirtual get {reexecute=0 rethrow=0 return_oop=0}
                      ; - jdk.internal.perf.PerfCounter::get@5
                      ; - jdk.internal.perf.PerfCounter::add@1
                      ; - jdk.internal.perf.PerfCounter::addElapsedTimeFrom@6
                      ; - java.net.URLClassLoader::defineClass@165
  0x0000021e8364cf38: 441b b4ff 

  0x0000021e8364cf3c: ;   {other}
  0x0000021e8364cf3c: 0f1f 8400 | ac0b 0012 | 4c8b c048 | 8d84 2490 | 0100 004c | 8b08 4d85 | c90f 840f | 0000 0048 
  0x0000021e8364cf5c: 8b50 08f0 | 4c0f b10a | 0f85 0e08 | 0000 49ff | 8f50 0500 | 0048 8bb4 | 2430 0100 | 008b 5610 
  0x0000021e8364cf7c: 48c1 e203 

  0x0000021e8364cf80: ; implicit exception: dispatches to 0x0000021e8364d78e
  0x0000021e8364cf80: 483b 024d | 8bc8 488b | 8424 3801 | 0000 4c03 | c841 b800 

  0x0000021e8364cf94: ;   {optimized virtual_call}
  0x0000021e8364cf94: 0000 00e8 

  0x0000021e8364cf98: ; ImmutableOopMap {[216]=Oop [232]=Oop [288]=Oop [296]=Oop [392]=Oop }
                      ;*invokevirtual put {reexecute=0 rethrow=0 return_oop=0}
                      ; - jdk.internal.perf.PerfCounter::add@13
                      ; - jdk.internal.perf.PerfCounter::addElapsedTimeFrom@6
                      ; - java.net.URLClassLoader::defineClass@165
  0x0000021e8364cf98: e41a b4ff 

  0x0000021e8364cf9c: ;   {other}
  0x0000021e8364cf9c: 0f1f 8400 | 0c0c 0013 | 488d 8424 | 8001 0000 | 4c8b 004d | 85c0 0f84 | 0f00 0000 | 488b 5008 
  0x0000021e8364cfbc: f04c 0fb1 | 020f 85cc | 0700 0049 | ff8f 5005 | 0000 4c8b | 8424 2801 | 0000 488b | 9424 e800 
  0x0000021e8364cfdc: ;   {optimized virtual_call}
  0x0000021e8364cfdc: 0000 90e8 

  0x0000021e8364cfe0: ; ImmutableOopMap {[216]=Oop [232]=Oop [288]=Oop [296]=Oop }
                      ;*invokevirtual getProtectionDomain {reexecute=0 rethrow=0 return_oop=0}
                      ; - java.security.SecureClassLoader::defineClass@5
                      ; - java.net.URLClassLoader::defineClass@174
  0x0000021e8364cfe0: 9c1a b4ff 

  0x0000021e8364cfe4: ;   {other}
  0x0000021e8364cfe4: 0f1f 8400 | 540c 0014 | 4c8b 8424 | d800 0000 | 4c8b 8c24 | 2001 0000 | 488b f848 | 8b94 24e8 
  0x0000021e8364d004: ;   {optimized virtual_call}
  0x0000021e8364d004: 0000 00e8 

  0x0000021e8364d008: ; ImmutableOopMap {[216]=Oop [232]=Oop [288]=Oop [296]=Oop }
                      ;*invokevirtual defineClass {reexecute=0 rethrow=0 return_oop=0}
                      ; - java.security.SecureClassLoader::defineClass@8
                      ; - java.net.URLClassLoader::defineClass@174
  0x0000021e8364d008: 741a b4ff 

  0x0000021e8364d00c: ;   {other}
  0x0000021e8364d00c: 0f1f 8400 | 7c0c 0015 | 4881 c4b0 | 0100 005d 

  0x0000021e8364d01c: ;   {poll_return}
  0x0000021e8364d01c: 493b a750 | 0400 000f | 8780 0700 | 00c3 4c8b | 8c24 e000 | 0000 498b 

  0x0000021e8364d034: ;   {optimized virtual_call}
  0x0000021e8364d034: d166 90e8 

  0x0000021e8364d038: ; ImmutableOopMap {[216]=Oop [224]=Oop [232]=Oop [248]=Oop }
                      ;*invokevirtual getBytes {reexecute=0 rethrow=0 return_oop=0}
                      ; - java.net.URLClassLoader::defineClass@179
  0x0000021e8364d038: c4f4 f2ff 

  0x0000021e8364d03c: ;   {other}
  0x0000021e8364d03c: 0f1f 8400 | ac0c 0016 | 4889 8424 | 4001 0000 | 4c8b 8c24 | e000 0000 | 418b 511c | 48c1 e203 
  0x0000021e8364d05c: 9048 b8c0 | 9208 2802 

  0x0000021e8364d064: ;   {virtual_call}
  0x0000021e8364d064: 0000 00e8 

  0x0000021e8364d068: ; ImmutableOopMap {[216]=Oop [232]=Oop [248]=Oop [320]=Oop }
                      ;*invokevirtual getCodeSigners {reexecute=0 rethrow=0 return_oop=0}
                      ; - jdk.internal.loader.URLClassPath$JarLoader$2::getCodeSigners@4
                      ; - java.net.URLClassLoader::defineClass@185
  0x0000021e8364d068: b4ec ffff 

  0x0000021e8364d06c: ;   {other}
  0x0000021e8364d06c: 0f1f 8400 | dc0c 0017 

  0x0000021e8364d074: ;   {metadata('java/security/CodeSource')}
  0x0000021e8364d074: 4c8b c848 | ba98 3b05 | 2802 0000 | 0049 8b87 | b801 0000 | 488d 7828 | 493b bfc8 | 0100 000f 
  0x0000021e8364d094: 8726 0700 | 0049 89bf | b801 0000 | 48c7 0001 | 0000 0048 | 8bca 48c1 | e903 8948 | 0848 33c9 
  0x0000021e8364d0b4: 8948 0c48 | 33c9 4889 | 4810 4889 | 4818 4889 | 4820 4c8b | 8424 f800 | 0000 488b | d048 8984 
  0x0000021e8364d0d4: 2448 0100 | 0066 0f1f 

  0x0000021e8364d0dc: ;   {optimized virtual_call}
  0x0000021e8364d0dc: 4400 00e8 

  0x0000021e8364d0e0: ; ImmutableOopMap {[216]=Oop [232]=Oop [320]=Oop [328]=Oop }
                      ;*invokespecial <init> {reexecute=0 rethrow=0 return_oop=0}
                      ; - java.net.URLClassLoader::defineClass@198
  0x0000021e8364d0e0: 9c29 f3ff 

  0x0000021e8364d0e4: ;   {other}
  0x0000021e8364d0e4: 0f1f 8400 | 540d 0018 

  0x0000021e8364d0ec: ;   {runtime_call}
  0x0000021e8364d0ec: 48b8 d030 | 0c3d fa7f | 0000 ffd0 

  0x0000021e8364d0f8: ;   {other}
  0x0000021e8364d0f8: 0f1f 8400 | 0000 0000 | 4c8b 8424 | f000 0000 | 492b c048 | 8984 2458 

  0x0000021e8364d110: ;   {oop(a 'jdk/internal/perf/PerfCounter'{0x00000002003f4900})}
  0x0000021e8364d110: 0100 0048 | be00 493f | 0002 0000 | 004c 8d84 | 2480 0100 | 0049 8970 | 0848 8b06 | 4883 c801 
  0x0000021e8364d130: 4989 00f0 | 4c0f b106 | 0f84 1200 | 0000 482b | c448 2507 | f0ff ff49 | 8900 0f85 | 8106 0000 
  0x0000021e8364d150: 49ff 8750 | 0500 004c | 8d84 2490 | 0100 0049 | 8970 0848 | 8b06 4883 | c801 4989 | 00f0 4c0f 
  0x0000021e8364d170: b106 0f84 | 1200 0000 | 482b c448 | 2507 f0ff | ff49 8900 | 0f85 5a06 | 0000 49ff | 8750 0500 
  0x0000021e8364d190: 008b 5610 | 48c1 e203 

  0x0000021e8364d198: ; implicit exception: dispatches to 0x0000021e8364d7f7
  0x0000021e8364d198: 483b 0241 | b800 0000 | 0048 89b4 | 2450 0100 | 0066 0f1f 

  0x0000021e8364d1ac: ;   {optimized virtual_call}
  0x0000021e8364d1ac: 4400 00e8 

  0x0000021e8364d1b0: ; ImmutableOopMap {[216]=Oop [232]=Oop [320]=Oop [328]=Oop [336]=Oop [392]=Oop [408]=Oop }
                      ;*invokevirtual get {reexecute=0 rethrow=0 return_oop=0}
                      ; - jdk.internal.perf.PerfCounter::get@5
                      ; - jdk.internal.perf.PerfCounter::add@1
                      ; - jdk.internal.perf.PerfCounter::addElapsedTimeFrom@6
                      ; - java.net.URLClassLoader::defineClass@207
  0x0000021e8364d1b0: ec9e d7ff 

  0x0000021e8364d1b4: ;   {other}
  0x0000021e8364d1b4: 0f1f 8400 | 240e 0019 | 4c8b c048 | 8d84 2490 | 0100 004c | 8b08 4d85 | c90f 840f | 0000 0048 
  0x0000021e8364d1d4: 8b50 08f0 | 4c0f b10a | 0f85 1a06 | 0000 49ff | 8f50 0500 | 0048 8bb4 | 2450 0100 | 008b 5610 
  0x0000021e8364d1f4: 48c1 e203 

  0x0000021e8364d1f8: ; implicit exception: dispatches to 0x0000021e8364d812
  0x0000021e8364d1f8: 483b 024d | 8bc8 488b | 8424 5801 | 0000 4c03 | c841 b800 

  0x0000021e8364d20c: ;   {optimized virtual_call}
  0x0000021e8364d20c: 0000 00e8 

  0x0000021e8364d210: ; ImmutableOopMap {[216]=Oop [232]=Oop [320]=Oop [328]=Oop [392]=Oop }
                      ;*invokevirtual put {reexecute=0 rethrow=0 return_oop=0}
                      ; - jdk.internal.perf.PerfCounter::add@13
                      ; - jdk.internal.perf.PerfCounter::addElapsedTimeFrom@6
                      ; - java.net.URLClassLoader::defineClass@207
  0x0000021e8364d210: 0caa d7ff 

  0x0000021e8364d214: ;   {other}
  0x0000021e8364d214: 0f1f 8400 | 840e 001a | 488d 8424 | 8001 0000 | 4c8b 004d | 85c0 0f84 | 0f00 0000 | 488b 5008 
  0x0000021e8364d234: f04c 0fb1 | 020f 85d8 | 0500 0049 | ff8f 5005 | 0000 488b | 8424 4001 | 0000 8b70 | 0c4c 8b84 
  0x0000021e8364d254: 2448 0100 | 0048 8b94 | 24e8 0000 | 0089 b424 | 6001 0000 | 0f1f 8000 

  0x0000021e8364d26c: ;   {optimized virtual_call}
  0x0000021e8364d26c: 0000 00e8 

  0x0000021e8364d270: ; ImmutableOopMap {[216]=Oop [232]=Oop [320]=Oop [328]=Oop }
                      ;*invokevirtual getProtectionDomain {reexecute=0 rethrow=0 return_oop=0}
                      ; - java.security.SecureClassLoader::defineClass@9
                      ; - java.net.URLClassLoader::defineClass@220
  0x0000021e8364d270: 8c50 f3ff 

  0x0000021e8364d274: ;   {other}
  0x0000021e8364d274: 0f1f 8400 | e40e 001b | 4c8b 8424 | d800 0000 | 4c8b 8c24 | 4001 0000 | bf00 0000 | 008b b424 
  0x0000021e8364d294: 6001 0000 | 488b c848 | 8b94 24e8 | 0000 000f 

  0x0000021e8364d2a4: ;   {optimized virtual_call}
  0x0000021e8364d2a4: 1f40 00e8 

  0x0000021e8364d2a8: ; ImmutableOopMap {[216]=Oop [232]=Oop [320]=Oop [328]=Oop }
                      ;*invokevirtual defineClass {reexecute=0 rethrow=0 return_oop=0}
                      ; - java.security.SecureClassLoader::defineClass@12
                      ; - java.net.URLClassLoader::defineClass@220
  0x0000021e8364d2a8: d45f f3ff 

  0x0000021e8364d2ac: ;   {other}
  0x0000021e8364d2ac: 0f1f 8400 | 1c0f 001c | 4881 c4b0 | 0100 005d 

  0x0000021e8364d2bc: ;   {poll_return}
  0x0000021e8364d2bc: 493b a750 | 0400 000f | 8769 0500 

  0x0000021e8364d2c8: ;   {metadata('java/lang/AssertionError')}
  0x0000021e8364d2c8: 00c3 48ba | 6820 0928 | 0200 0000 

  0x0000021e8364d2d4: ; implicit exception: dispatches to 0x0000021e8364d848
  0x0000021e8364d2d4: 80ba 3101 | 0000 040f | 856c 0500 | 0049 8b87 | b801 0000 | 488d 7828 | 493b bfc8 | 0100 000f 
  0x0000021e8364d2f4: 8754 0500 | 0049 89bf | b801 0000 | 48c7 0001 | 0000 0048 | 8bca 48c1 | e903 8948 | 0848 33c9 
  0x0000021e8364d314: 8948 0c48 | 33c9 4889 | 4810 4889 | 4818 4889 

  0x0000021e8364d324: ;   {metadata('java/lang/StringBuilder')}
  0x0000021e8364d324: 4820 48ba | 2815 0528 | 0200 0000 | 4889 8424 | 7001 0000 | 498b 87b8 | 0100 0048 | 8d78 1849 
  0x0000021e8364d344: 3bbf c801 | 0000 0f87 | 0a05 0000 | 4989 bfb8 | 0100 0048 | c700 0100 | 0000 488b | ca48 c1e9 
  0x0000021e8364d364: 0389 4808 | 4833 c989 | 480c 4833 | c948 8948 | 1041 b810 | 0000 0048 | 8bd0 4889 | 8424 6801 
  0x0000021e8364d384: ;   {optimized virtual_call}
  0x0000021e8364d384: 0000 90e8 

  0x0000021e8364d388: ; ImmutableOopMap {[256]=Oop [360]=Oop [368]=Oop }
                      ;*invokespecial <init> {reexecute=0 rethrow=0 return_oop=0}
                      ; - java.lang.StringBuilder::<init>@3
                      ; - java.net.URLClassLoader::defineClass@111
  0x0000021e8364d388: f416 b4ff 

  0x0000021e8364d38c: ;   {other}
  0x0000021e8364d38c: 0f1f 8400 | fc0f 001d 

  0x0000021e8364d394: ;   {oop("Cannot find package "{0x00000002003b2a30})}
  0x0000021e8364d394: 49b8 302a | 3b00 0200 | 0000 488b | 9424 6801 

  0x0000021e8364d3a4: ;   {optimized virtual_call}
  0x0000021e8364d3a4: 0000 90e8 

  0x0000021e8364d3a8: ; ImmutableOopMap {[256]=Oop [360]=Oop [368]=Oop }
                      ;*invokespecial append {reexecute=0 rethrow=0 return_oop=0}
                      ; - java.lang.StringBuilder::append@2
                      ; - java.net.URLClassLoader::defineClass@116
  0x0000021e8364d3a8: d416 b4ff 

  0x0000021e8364d3ac: ;   {other}
  0x0000021e8364d3ac: 0f1f 8400 | 1c10 001e | 4c8b 8424 | 0001 0000 | 488b 9424 | 6801 0000 

  0x0000021e8364d3c4: ;   {optimized virtual_call}
  0x0000021e8364d3c4: 6666 90e8 

  0x0000021e8364d3c8: ; ImmutableOopMap {[360]=Oop [368]=Oop }
                      ;*invokespecial append {reexecute=0 rethrow=0 return_oop=0}
                      ; - java.lang.StringBuilder::append@2
                      ; - java.net.URLClassLoader::defineClass@121
  0x0000021e8364d3c8: b416 b4ff 

  0x0000021e8364d3cc: ;   {other}
  0x0000021e8364d3cc: 0f1f 8400 | 3c10 001f 

  0x0000021e8364d3d4: ;   {metadata('java/lang/String')}
  0x0000021e8364d3d4: 48ba c01d | 0428 0200 | 0000 498b | 87b8 0100 | 0048 8d78 | 1849 3bbf | c801 0000 | 0f87 7104 
  0x0000021e8364d3f4: 0000 4989 | bfb8 0100 | 0048 c700 | 0100 0000 | 488b ca48 | c1e9 0389 | 4808 4833 | c989 480c 
  0x0000021e8364d414: 4833 c948 | 8948 104c | 8b84 2468 

  0x0000021e8364d420: ;   {oop(nullptr)}
  0x0000021e8364d420: 0100 0049 | b900 0000 | 0000 0000 | 0048 8bd0 | 4889 8424 | 7801 0000 | 0f1f 8000 

  0x0000021e8364d43c: ;   {optimized virtual_call}
  0x0000021e8364d43c: 0000 00e8 

  0x0000021e8364d440: ; ImmutableOopMap {[368]=Oop [376]=Oop }
                      ;*invokespecial <init> {reexecute=0 rethrow=0 return_oop=0}
                      ; - java.lang.String::<init>@3
                      ; - java.lang.StringBuilder::toString@5
                      ; - java.net.URLClassLoader::defineClass@124
  0x0000021e8364d440: 3c16 b4ff 

  0x0000021e8364d444: ;   {other}
  0x0000021e8364d444: 0f1f 8400 | b410 0020 | 4c8b 8424 | 7801 0000 | 488b 9424 | 7001 0000 

  0x0000021e8364d45c: ;   {optimized virtual_call}
  0x0000021e8364d45c: 6666 90e8 

  0x0000021e8364d460: ; ImmutableOopMap {[368]=Oop }
                      ;*invokespecial <init> {reexecute=0 rethrow=0 return_oop=0}
                      ; - java.net.URLClassLoader::defineClass@127
  0x0000021e8364d460: 1c16 b4ff 

  0x0000021e8364d464: ;   {other}
  0x0000021e8364d464: 0f1f 8400 | d410 0021 | 488b 8424 | 7001 0000 | e9da 0400 | 0048 8bbc | 2458 0100 | 0048 8bb4 
  0x0000021e8364d484: 2440 0100 | 0049 8b87 | 0005 0000 | 4d33 d24d | 8997 0005 | 0000 4d33 | d24d 8997 | 0805 0000 
  0x0000021e8364d4a4: ;   {oop(a 'jdk/internal/perf/PerfCounter'{0x00000002003f4900})}
  0x0000021e8364d4a4: 488b d048 | b800 493f | 0002 0000 | 0048 8d84 | 2490 0100 | 0048 8b08 | 4885 c90f | 840f 0000 
  0x0000021e8364d4c4: 004c 8b40 | 08f0 490f | b108 0f85 | a003 0000 | 49ff 8f50 | 0500 0048 

  0x0000021e8364d4dc: ; ImmutableOopMap {rbx=Oop rsi=Oop rax=Oop [216]=Oop [232]=Oop [320]=Oop [392]=Oop }
                      ;*invokevirtual get {reexecute=0 rethrow=0 return_oop=0}
                      ; - jdk.internal.perf.PerfCounter::add@1
                      ; - jdk.internal.perf.PerfCounter::addElapsedTimeFrom@6
                      ; - java.net.URLClassLoader::defineClass@207
                      ;   {section_word}
  0x0000021e8364d4dc: 8bc2 48ba | ded4 6483 | 1e02 0000 

  0x0000021e8364d4e8: ;   {runtime_call handle_exception_nofpu Runtime1 stub}
  0x0000021e8364d4e8: e893 d9be | ff90 498b | 8700 0500 | 004d 33d2 | 4d89 9700 | 0500 004d | 33d2 4d89 | 9708 0500 
  0x0000021e8364d508: 0048 8bd0 

  0x0000021e8364d50c: ;   {oop(a 'jdk/internal/perf/PerfCounter'{0x00000002003f4900})}
  0x0000021e8364d50c: 48b8 0049 | 3f00 0200 | 0000 488d | 8424 8001 | 0000 488b | 3048 85f6 | 0f84 0f00 | 0000 488b 
  0x0000021e8364d52c: 7808 f048 | 0fb1 370f | 8551 0300 | 0049 ff8f | 5005 0000 | 488b c2e9 | 0b04 0000 | 488b b424 
  0x0000021e8364d54c: 3801 0000 | 4c8b 8424 | d800 0000 | 498b 8700 | 0500 004d | 33d2 4d89 | 9700 0500 | 004d 33d2 
  0x0000021e8364d56c: 4d89 9708 | 0500 0048 

  0x0000021e8364d574: ;   {oop(a 'jdk/internal/perf/PerfCounter'{0x00000002003f4900})}
  0x0000021e8364d574: 8bd0 48b8 | 0049 3f00 | 0200 0000 | 488d 8424 | 9001 0000 | 4c8b 084d | 85c9 0f84 | 0f00 0000 
  0x0000021e8364d594: 4c8b 5808 | f04d 0fb1 | 0b0f 85fd | 0200 0049 | ff8f 5005 | 0000 488b 

  0x0000021e8364d5ac: ; ImmutableOopMap {rdi=Oop rcx=Oop rbx=Oop r8=Oop rax=Oop [216]=Oop [392]=Oop }
                      ;*invokevirtual get {reexecute=0 rethrow=0 return_oop=0}
                      ; - jdk.internal.perf.PerfCounter::add@1
                      ; - jdk.internal.perf.PerfCounter::addElapsedTimeFrom@6
                      ; - java.net.URLClassLoader::defineClass@165
                      ;   {section_word}
  0x0000021e8364d5ac: c248 baad | d564 831e 

  0x0000021e8364d5b4: ;   {runtime_call handle_exception_nofpu Runtime1 stub}
  0x0000021e8364d5b4: 0200 00e8 | c4d8 beff | 9049 8b87 | 0005 0000 | 4d33 d24d | 8997 0005 | 0000 4d33 | d24d 8997 
  0x0000021e8364d5d4: 0805 0000 

  0x0000021e8364d5d8: ;   {oop(a 'jdk/internal/perf/PerfCounter'{0x00000002003f4900})}
  0x0000021e8364d5d8: 488b f048 | b800 493f | 0002 0000 | 0048 8d84 | 2480 0100 | 0048 8b38 | 4885 ff0f | 840f 0000 
  0x0000021e8364d5f8: 0048 8b58 | 08f0 480f | b13b 0f85 | ae02 0000 | 49ff 8f50 | 0500 0048 | 8bc6 e93c | 0300 0049 
  0x0000021e8364d618: 8b87 0005 | 0000 4d33 | d24d 8997 | 0005 0000 | 4d33 d24d | 8997 0805 | 0000 488b | f048 8d84 
  0x0000021e8364d638: 2480 0100 | 0048 8b38 | 4885 ff0f | 840f 0000 | 0048 8b58 | 08f0 480f | b13b 0f85 | 7402 0000 
  0x0000021e8364d658: 49ff 8f50 | 0500 0048 | 8bc6 e9ec 

  0x0000021e8364d664: ;   {runtime_call throw_null_pointer_exception Runtime1 stub}
  0x0000021e8364d664: 0200 00e8 

  0x0000021e8364d668: ; ImmutableOopMap {r8=Oop [216]=Oop [224]=Oop [232]=Oop }
                      ;*invokevirtual lastIndexOf {reexecute=0 rethrow=0 return_oop=0}
                      ; - java.net.URLClassLoader::defineClass@7
  0x0000021e8364d668: 14c0 beff 

  0x0000021e8364d66c: ;   {runtime_call throw_null_pointer_exception Runtime1 stub}
  0x0000021e8364d66c: e80f c0be 

  0x0000021e8364d670: ; ImmutableOopMap {r8=Oop rsi=Oop [216]=Oop [224]=Oop [232]=Oop }
                      ;*arraylength {reexecute=0 rethrow=0 return_oop=0}
                      ; - java.lang.String::length@4
                      ; - java.lang.String::lastIndexOf@3
                      ; - java.net.URLClassLoader::defineClass@7
                      ;   {runtime_call throw_null_pointer_exception Runtime1 stub}
  0x0000021e8364d670: ffe8 0ac0 

  0x0000021e8364d674: ; ImmutableOopMap {r9=Oop [216]=Oop [224]=Oop [232]=Oop }
                      ;*invokevirtual getCodeSourceURL {reexecute=0 rethrow=0 return_oop=0}
                      ; - java.net.URLClassLoader::defineClass@13
                      ;   {runtime_call throw_null_pointer_exception Runtime1 stub}
  0x0000021e8364d674: beff e805 

  0x0000021e8364d678: ; ImmutableOopMap {r9=Oop [216]=Oop [224]=Oop [232]=Oop }
                      ;*getfield csu {reexecute=1 rethrow=0 return_oop=0}
                      ; - (reexecute) jdk.internal.loader.URLClassPath$JarLoader$2::getCodeSourceURL@4
                      ; - java.net.URLClassLoader::defineClass@13
  0x0000021e8364d678: c0be ff48 

  0x0000021e8364d67c: ;   {runtime_call fast_new_instance Runtime1 stub}
  0x0000021e8364d67c: 8bd2 e8fd 

  0x0000021e8364d680: ; ImmutableOopMap {r8=Oop [216]=Oop [224]=Oop [232]=Oop [248]=Oop [256]=Oop }
                      ;*new {reexecute=0 rethrow=0 return_oop=0}
                      ; - java.lang.invoke.MethodHandles::lookup@18
                      ; - jdk.internal.access.SharedSecrets::ensureClassInitialized@0
                      ; - jdk.internal.access.SharedSecrets::javaUtilJarAccess@10
                      ; - jdk.internal.loader.URLClassPath$JarLoader$2::getManifest@0
                      ; - java.net.URLClassLoader::defineClass@34
  0x0000021e8364d680: c8be ffe9 | fbf2 ffff 

  0x0000021e8364d688: ;   {metadata(nullptr)}
  0x0000021e8364d688: 48ba 0000 | 0000 0000 | 0000 b800 

  0x0000021e8364d694: ;   {runtime_call load_klass_patching Runtime1 stub}
  0x0000021e8364d694: 0f05 0ae8 

  0x0000021e8364d698: ; ImmutableOopMap {[216]=Oop [224]=Oop [232]=Oop [248]=Oop [256]=Oop }
                      ;*new {reexecute=1 rethrow=0 return_oop=0}
                      ; - (reexecute) java.lang.invoke.MethodHandles::lookup@8
                      ; - jdk.internal.access.SharedSecrets::ensureClassInitialized@0
                      ; - jdk.internal.access.SharedSecrets::javaUtilJarAccess@10
                      ; - jdk.internal.loader.URLClassPath$JarLoader$2::getManifest@0
                      ; - java.net.URLClassLoader::defineClass@34
  0x0000021e8364d698: 6400 bfff | e937 f3ff | ff48 8bd2 

  0x0000021e8364d6a4: ;   {runtime_call new_instance Runtime1 stub}
  0x0000021e8364d6a4: e8d7 c5be 

  0x0000021e8364d6a8: ; ImmutableOopMap {[216]=Oop [224]=Oop [232]=Oop [248]=Oop [256]=Oop }
                      ;*new {reexecute=0 rethrow=0 return_oop=0}
                      ; - java.lang.invoke.MethodHandles::lookup@8
                      ; - jdk.internal.access.SharedSecrets::ensureClassInitialized@0
                      ; - jdk.internal.access.SharedSecrets::javaUtilJarAccess@10
                      ; - jdk.internal.loader.URLClassPath$JarLoader$2::getManifest@0
                      ; - java.net.URLClassLoader::defineClass@34
  0x0000021e8364d6a8: ffe9 39f3 

  0x0000021e8364d6ac: ;   {runtime_call throw_null_pointer_exception Runtime1 stub}
  0x0000021e8364d6ac: ffff e8cd 

  0x0000021e8364d6b0: ; ImmutableOopMap {rsi=Oop r9=Oop [216]=Oop [224]=Oop [232]=Oop [248]=Oop [256]=Oop }
                      ;*getfield jar {reexecute=1 rethrow=0 return_oop=0}
                      ; - (reexecute) jdk.internal.loader.URLClassPath$JarLoader$2::getManifest@7
                      ; - java.net.URLClassLoader::defineClass@34
                      ;   {runtime_call throw_incompatible_class_change_error Runtime1 stub}
  0x0000021e8364d6b0: bfbe ffe8 

  0x0000021e8364d6b4: ; ImmutableOopMap {rsi=Oop r9=Oop rdx=Oop [216]=Oop [224]=Oop [232]=Oop [248]=Oop [256]=Oop }
                      ;*invokeinterface ensureInitialization {reexecute=0 rethrow=0 return_oop=0}
                      ; - jdk.internal.loader.URLClassPath$JarLoader$2::getManifest@10
                      ; - java.net.URLClassLoader::defineClass@34
  0x0000021e8364d6b4: c8e6 beff 

  0x0000021e8364d6b8: ;   {runtime_call throw_null_pointer_exception Runtime1 stub}
  0x0000021e8364d6b8: e8c3 bfbe 

  0x0000021e8364d6bc: ; ImmutableOopMap {r9=Oop rdx=Oop [216]=Oop [224]=Oop [232]=Oop [248]=Oop [256]=Oop }
                      ;*invokeinterface ensureInitialization {reexecute=0 rethrow=0 return_oop=0}
                      ; - jdk.internal.loader.URLClassPath$JarLoader$2::getManifest@10
                      ; - java.net.URLClassLoader::defineClass@34
                      ;   {runtime_call throw_null_pointer_exception Runtime1 stub}
  0x0000021e8364d6bc: ffe8 bebf 

  0x0000021e8364d6c0: ; ImmutableOopMap {r9=Oop rdx=Oop [216]=Oop [224]=Oop [232]=Oop [248]=Oop [256]=Oop }
                      ;*invokevirtual ensureInitialization {reexecute=0 rethrow=0 return_oop=0}
                      ; - java.util.jar.JavaUtilJarAccessImpl::ensureInitialization@1
                      ; - jdk.internal.loader.URLClassPath$JarLoader$2::getManifest@10
                      ; - java.net.URLClassLoader::defineClass@34
                      ;   {runtime_call throw_null_pointer_exception Runtime1 stub}
  0x0000021e8364d6c0: beff e8b9 

  0x0000021e8364d6c4: ; ImmutableOopMap {r9=Oop [216]=Oop [224]=Oop [232]=Oop [248]=Oop [256]=Oop }
                      ;*getfield jar {reexecute=1 rethrow=0 return_oop=0}
                      ; - (reexecute) jdk.internal.loader.URLClassPath$JarLoader$2::getManifest@19
                      ; - java.net.URLClassLoader::defineClass@34
  0x0000021e8364d6c4: bfbe ff4c | 894c 2408 | 4c89 0424 

  0x0000021e8364d6d0: ;   {runtime_call monitorenter_nofpu Runtime1 stub}
  0x0000021e8364d6d0: e8ab efbe 

  0x0000021e8364d6d4: ; ImmutableOopMap {r9=Oop [216]=Oop [224]=Oop [232]=Oop [248]=Oop [392]=Oop }
                      ;*synchronization entry
                      ; - jdk.internal.loader.Resource::cachedInputStream@-1
                      ; - jdk.internal.loader.Resource::getByteBuffer@1
                      ; - java.net.URLClassLoader::defineClass@132
  0x0000021e8364d6d4: ffe9 85f5 

  0x0000021e8364d6d8: ;   {runtime_call throw_null_pointer_exception Runtime1 stub}
  0x0000021e8364d6d8: ffff e8a1 

  0x0000021e8364d6dc: ; ImmutableOopMap {r9=Oop [216]=Oop [224]=Oop [232]=Oop [248]=Oop [392]=Oop }
                      ;*getfield jar {reexecute=1 rethrow=0 return_oop=0}
                      ; - (reexecute) jdk.internal.loader.URLClassPath$JarLoader$2::getInputStream@4
                      ; - jdk.internal.loader.Resource::cachedInputStream@9
                      ; - jdk.internal.loader.Resource::getByteBuffer@1
                      ; - java.net.URLClassLoader::defineClass@132
                      ;   {runtime_call throw_null_pointer_exception Runtime1 stub}
  0x0000021e8364d6dc: bfbe ffe8 

  0x0000021e8364d6e0: ; ImmutableOopMap {r9=Oop rdx=Oop r8=Oop [216]=Oop [224]=Oop [232]=Oop [248]=Oop [392]=Oop }
                      ;*invokevirtual getInputStream {reexecute=0 rethrow=0 return_oop=0}
                      ; - jdk.internal.loader.URLClassPath$JarLoader$2::getInputStream@11
                      ; - jdk.internal.loader.Resource::cachedInputStream@9
                      ; - jdk.internal.loader.Resource::getByteBuffer@1
                      ; - java.net.URLClassLoader::defineClass@132
  0x0000021e8364d6e0: 9cbf beff | 418b 510c | 48c1 e203 | 4883 fa00 | 0f84 bbf5 | ffff 4889 

  0x0000021e8364d6f8: ;   {runtime_call g1_pre_barrier_slow}
  0x0000021e8364d6f8: 1424 e881 | 16bf ffe9 | adf5 ffff | 4883 f800 | 0f84 c2f5 | ffff 4c89 

  0x0000021e8364d710: ;   {runtime_call g1_post_barrier_slow}
  0x0000021e8364d710: 0c24 e869 | 19bf ffe9 | b4f5 ffff | 488d 8424 | 8001 0000 | 4889 0424 

  0x0000021e8364d728: ;   {runtime_call monitorexit_nofpu Runtime1 stub}
  0x0000021e8364d728: e853 f5be | ffe9 d0f5 | ffff 4889 

  0x0000021e8364d734: ;   {runtime_call throw_class_cast_exception Runtime1 stub}
  0x0000021e8364d734: 1424 e845 

  0x0000021e8364d738: ; ImmutableOopMap {[216]=Oop [224]=Oop [232]=Oop [248]=Oop }
                      ;*checkcast {reexecute=0 rethrow=0 return_oop=0}
                      ; - jdk.internal.loader.Resource::getByteBuffer@13
                      ; - java.net.URLClassLoader::defineClass@132
  0x0000021e8364d738: e3be ff48 

  0x0000021e8364d73c: ;   {runtime_call fast_new_instance Runtime1 stub}
  0x0000021e8364d73c: 8bd2 e83d 

  0x0000021e8364d740: ; ImmutableOopMap {r9=Oop [216]=Oop [232]=Oop [248]=Oop [288]=Oop }
                      ;*new {reexecute=0 rethrow=0 return_oop=0}
                      ; - java.net.URLClassLoader::defineClass@148
  0x0000021e8364d740: c8be ffe9 | 06f7 ffff 

  0x0000021e8364d748: ;   {runtime_call throw_null_pointer_exception Runtime1 stub}
  0x0000021e8364d748: e833 bfbe 

  0x0000021e8364d74c: ; ImmutableOopMap {rsi=Oop [216]=Oop [232]=Oop [288]=Oop [296]=Oop }
                      ;*synchronization entry
                      ; - jdk.internal.perf.PerfCounter::add@-1
                      ; - jdk.internal.perf.PerfCounter::addElapsedTimeFrom@6
                      ; - java.net.URLClassLoader::defineClass@165
  0x0000021e8364d74c: ff48 8974 | 2408 4c89 

  0x0000021e8364d754: ;   {runtime_call monitorenter_nofpu Runtime1 stub}
  0x0000021e8364d754: 0424 e825 

  0x0000021e8364d758: ; ImmutableOopMap {rsi=Oop [216]=Oop [232]=Oop [288]=Oop [296]=Oop [392]=Oop }
                      ;*synchronization entry
                      ; - jdk.internal.perf.PerfCounter::add@-1
                      ; - jdk.internal.perf.PerfCounter::addElapsedTimeFrom@6
                      ; - java.net.URLClassLoader::defineClass@165
  0x0000021e8364d758: efbe ffe9 | 7ff7 ffff | 4889 7424 | 084c 8904 

  0x0000021e8364d768: ;   {runtime_call monitorenter_nofpu Runtime1 stub}
  0x0000021e8364d768: 24e8 12ef 

  0x0000021e8364d76c: ; ImmutableOopMap {rsi=Oop [216]=Oop [232]=Oop [288]=Oop [296]=Oop [392]=Oop [408]=Oop }
                      ;*synchronization entry
                      ; - jdk.internal.perf.PerfCounter::get@-1
                      ; - jdk.internal.perf.PerfCounter::add@1
                      ; - jdk.internal.perf.PerfCounter::addElapsedTimeFrom@6
                      ; - java.net.URLClassLoader::defineClass@165
  0x0000021e8364d76c: beff e9a6 

  0x0000021e8364d770: ;   {runtime_call throw_null_pointer_exception Runtime1 stub}
  0x0000021e8364d770: f7ff ffe8 

  0x0000021e8364d774: ; ImmutableOopMap {rsi=Oop rdx=Oop [216]=Oop [232]=Oop [288]=Oop [296]=Oop [392]=Oop [408]=Oop }
                      ;*invokevirtual get {reexecute=0 rethrow=0 return_oop=0}
                      ; - jdk.internal.perf.PerfCounter::get@5
                      ; - jdk.internal.perf.PerfCounter::add@1
                      ; - jdk.internal.perf.PerfCounter::addElapsedTimeFrom@6
                      ; - java.net.URLClassLoader::defineClass@165
  0x0000021e8364d774: 08bf beff | 488d 8424 | 9001 0000 | 4889 0424 

  0x0000021e8364d784: ;   {runtime_call monitorexit_nofpu Runtime1 stub}
  0x0000021e8364d784: e8f7 f4be | ffe9 e3f7 

  0x0000021e8364d78c: ;   {runtime_call throw_null_pointer_exception Runtime1 stub}
  0x0000021e8364d78c: ffff e8ed 

  0x0000021e8364d790: ; ImmutableOopMap {rdx=Oop [216]=Oop [232]=Oop [288]=Oop [296]=Oop [392]=Oop }
                      ;*invokevirtual put {reexecute=0 rethrow=0 return_oop=0}
                      ; - jdk.internal.perf.PerfCounter::add@13
                      ; - jdk.internal.perf.PerfCounter::addElapsedTimeFrom@6
                      ; - java.net.URLClassLoader::defineClass@165
  0x0000021e8364d790: bebe ff48 | 8d84 2480 | 0100 0048 

  0x0000021e8364d79c: ;   {runtime_call monitorexit_nofpu Runtime1 stub}
  0x0000021e8364d79c: 8904 24e8 | dcf4 beff | e925 f8ff 

  0x0000021e8364d7a8: ;   {internal_word}
  0x0000021e8364d7a8: ff49 ba1c | d064 831e | 0200 004d | 8997 6804 

  0x0000021e8364d7b8: ;   {runtime_call SafepointBlob}
  0x0000021e8364d7b8: 0000 e941 | 7cb4 ff48 

  0x0000021e8364d7c0: ;   {runtime_call fast_new_instance Runtime1 stub}
  0x0000021e8364d7c0: 8bd2 e8b9 

  0x0000021e8364d7c4: ; ImmutableOopMap {r9=Oop [216]=Oop [232]=Oop [248]=Oop [320]=Oop }
                      ;*new {reexecute=0 rethrow=0 return_oop=0}
                      ; - java.net.URLClassLoader::defineClass@190
  0x0000021e8364d7c4: c7be ffe9 | faf8 ffff 

  0x0000021e8364d7cc: ;   {runtime_call throw_null_pointer_exception Runtime1 stub}
  0x0000021e8364d7cc: e8af bebe 

  0x0000021e8364d7d0: ; ImmutableOopMap {rsi=Oop [216]=Oop [232]=Oop [320]=Oop [328]=Oop }
                      ;*synchronization entry
                      ; - jdk.internal.perf.PerfCounter::add@-1
                      ; - jdk.internal.perf.PerfCounter::addElapsedTimeFrom@6
                      ; - java.net.URLClassLoader::defineClass@207
  0x0000021e8364d7d0: ff48 8974 | 2408 4c89 

  0x0000021e8364d7d8: ;   {runtime_call monitorenter_nofpu Runtime1 stub}
  0x0000021e8364d7d8: 0424 e8a1 

  0x0000021e8364d7dc: ; ImmutableOopMap {rsi=Oop [216]=Oop [232]=Oop [320]=Oop [328]=Oop [392]=Oop }
                      ;*synchronization entry
                      ; - jdk.internal.perf.PerfCounter::add@-1
                      ; - jdk.internal.perf.PerfCounter::addElapsedTimeFrom@6
                      ; - java.net.URLClassLoader::defineClass@207
  0x0000021e8364d7dc: eebe ffe9 | 73f9 ffff | 4889 7424 | 084c 8904 

  0x0000021e8364d7ec: ;   {runtime_call monitorenter_nofpu Runtime1 stub}
  0x0000021e8364d7ec: 24e8 8eee 

  0x0000021e8364d7f0: ; ImmutableOopMap {rsi=Oop [216]=Oop [232]=Oop [320]=Oop [328]=Oop [392]=Oop [408]=Oop }
                      ;*synchronization entry
                      ; - jdk.internal.perf.PerfCounter::get@-1
                      ; - jdk.internal.perf.PerfCounter::add@1
                      ; - jdk.internal.perf.PerfCounter::addElapsedTimeFrom@6
                      ; - java.net.URLClassLoader::defineClass@207
  0x0000021e8364d7f0: beff e99a 

  0x0000021e8364d7f4: ;   {runtime_call throw_null_pointer_exception Runtime1 stub}
  0x0000021e8364d7f4: f9ff ffe8 

  0x0000021e8364d7f8: ; ImmutableOopMap {rsi=Oop rdx=Oop [216]=Oop [232]=Oop [320]=Oop [328]=Oop [392]=Oop [408]=Oop }
                      ;*invokevirtual get {reexecute=0 rethrow=0 return_oop=0}
                      ; - jdk.internal.perf.PerfCounter::get@5
                      ; - jdk.internal.perf.PerfCounter::add@1
                      ; - jdk.internal.perf.PerfCounter::addElapsedTimeFrom@6
                      ; - java.net.URLClassLoader::defineClass@207
  0x0000021e8364d7f8: 84be beff | 488d 8424 | 9001 0000 | 4889 0424 

  0x0000021e8364d808: ;   {runtime_call monitorexit_nofpu Runtime1 stub}
  0x0000021e8364d808: e873 f4be | ffe9 d7f9 

  0x0000021e8364d810: ;   {runtime_call throw_null_pointer_exception Runtime1 stub}
  0x0000021e8364d810: ffff e869 

  0x0000021e8364d814: ; ImmutableOopMap {rdx=Oop [216]=Oop [232]=Oop [320]=Oop [328]=Oop [392]=Oop }
                      ;*invokevirtual put {reexecute=0 rethrow=0 return_oop=0}
                      ; - jdk.internal.perf.PerfCounter::add@13
                      ; - jdk.internal.perf.PerfCounter::addElapsedTimeFrom@6
                      ; - java.net.URLClassLoader::defineClass@207
  0x0000021e8364d814: bebe ff48 | 8d84 2480 | 0100 0048 

  0x0000021e8364d820: ;   {runtime_call monitorexit_nofpu Runtime1 stub}
  0x0000021e8364d820: 8904 24e8 | 58f4 beff | e919 faff 

  0x0000021e8364d82c: ;   {runtime_call throw_null_pointer_exception Runtime1 stub}
  0x0000021e8364d82c: ffe8 4ebe 

  0x0000021e8364d830: ; ImmutableOopMap {rax=Oop [216]=Oop [232]=Oop [320]=Oop [328]=Oop }
                      ;*arraylength {reexecute=0 rethrow=0 return_oop=0}
                      ; - java.net.URLClassLoader::defineClass@217
                      ;   {internal_word}
  0x0000021e8364d830: beff 49ba | bcd2 6483 | 1e02 0000 | 4d89 9768 

  0x0000021e8364d840: ;   {runtime_call SafepointBlob}
  0x0000021e8364d840: 0400 00e9 | b87b b4ff 

  0x0000021e8364d848: ;   {runtime_call throw_null_pointer_exception Runtime1 stub}
  0x0000021e8364d848: e833 bebe 

  0x0000021e8364d84c: ; ImmutableOopMap {[256]=Oop }
                      ;*new {reexecute=0 rethrow=0 return_oop=0}
                      ; - java.net.URLClassLoader::defineClass@103
  0x0000021e8364d84c: ff48 8bd2 

  0x0000021e8364d850: ;   {runtime_call fast_new_instance_init_check Runtime1 stub}
  0x0000021e8364d850: e82b cabe 

  0x0000021e8364d854: ; ImmutableOopMap {[256]=Oop }
                      ;*new {reexecute=0 rethrow=0 return_oop=0}
                      ; - java.net.URLClassLoader::defineClass@103
  0x0000021e8364d854: ffe9 ccfa | ffff 488b 

  0x0000021e8364d85c: ;   {runtime_call fast_new_instance Runtime1 stub}
  0x0000021e8364d85c: d2e8 1ec7 

  0x0000021e8364d860: ; ImmutableOopMap {[256]=Oop [368]=Oop }
                      ;*new {reexecute=0 rethrow=0 return_oop=0}
                      ; - java.net.URLClassLoader::defineClass@107
  0x0000021e8364d860: beff e90e | fbff ff48 

  0x0000021e8364d868: ;   {runtime_call fast_new_instance Runtime1 stub}
  0x0000021e8364d868: 8bd2 e811 

  0x0000021e8364d86c: ; ImmutableOopMap {[360]=Oop [368]=Oop }
                      ;*new {reexecute=0 rethrow=0 return_oop=0}
                      ; - java.lang.StringBuilder::toString@0
                      ; - java.net.URLClassLoader::defineClass@124
  0x0000021e8364d86c: c7be ffe9 | a7fb ffff | 488d 8424 | 9001 0000 | 4889 0424 

  0x0000021e8364d880: ;   {runtime_call monitorexit_nofpu Runtime1 stub}
  0x0000021e8364d880: e8fb f3be | ffe9 51fc | ffff 488d | 8424 8001 | 0000 4889 

  0x0000021e8364d894: ;   {runtime_call monitorexit_nofpu Runtime1 stub}
  0x0000021e8364d894: 0424 e8e5 | f3be ffe9 | a0fc ffff | 488d 8424 | 9001 0000 | 4889 0424 

  0x0000021e8364d8ac: ;   {runtime_call monitorexit_nofpu Runtime1 stub}
  0x0000021e8364d8ac: e8cf f3be | ffe9 f4fc | ffff 488d | 8424 8001 | 0000 4889 

  0x0000021e8364d8c0: ;   {runtime_call monitorexit_nofpu Runtime1 stub}
  0x0000021e8364d8c0: 0424 e8b9 | f3be ffe9 | 43fd ffff | 488d 8424 | 8001 0000 | 4889 0424 

  0x0000021e8364d8d8: ;   {runtime_call monitorexit_nofpu Runtime1 stub}
  0x0000021e8364d8d8: e8a3 f3be | ffe9 7dfd | ffff 488b | bc24 2801 | 0000 488b | 9c24 2001 | 0000 488b | 8c24 e800 
  0x0000021e8364d8f8: 0000 e949 | fcff ff48 | 8b9c 2448 | 0100 00e9 | 6dfb ffff | 488b bc24 | 2801 0000 | 488b 9c24 
  0x0000021e8364d918: 2001 0000 | 488b 8c24 | e800 0000 | e91f fcff | ff48 8b9c | 2448 0100 | 00e9 43fb | ffff 498b 
  0x0000021e8364d938: 8700 0500 | 0049 c787 | 0005 0000 | 0000 0000 | 49c7 8708 | 0500 0000 | 0000 0048 | 81c4 b001 
  0x0000021e8364d958: ;   {runtime_call unwind_exception Runtime1 stub}
  0x0000021e8364d958: 0000 5de9 | 20ae beff 
[Stub Code]
  0x0000021e8364d960: ;   {no_reloc}
  0x0000021e8364d960: 0f1f 4400 

  0x0000021e8364d964: ;   {static_stub}
  0x0000021e8364d964: 0048 bb00 | 0000 0000 

  0x0000021e8364d96c: ;   {runtime_call nmethod}
  0x0000021e8364d96c: 0000 00e9 | fbff ffff 

  0x0000021e8364d974: ;   {static_stub}
  0x0000021e8364d974: 9048 bba0 | 964b 8a1e 

  0x0000021e8364d97c: ;   {runtime_call I2C/C2I adapters}
  0x0000021e8364d97c: 0200 00e9 | d65a b4ff 

  0x0000021e8364d984: ;   {static_stub}
  0x0000021e8364d984: 9048 bb00 | 0000 0000 

  0x0000021e8364d98c: ;   {runtime_call nmethod}
  0x0000021e8364d98c: 0000 00e9 | fbff ffff 

  0x0000021e8364d994: ;   {static_stub}
  0x0000021e8364d994: 9048 bb98 | 7c55 8a1e 

  0x0000021e8364d99c: ;   {runtime_call I2C/C2I adapters}
  0x0000021e8364d99c: 0200 00e9 | c25c b3ff 

  0x0000021e8364d9a4: ;   {static_stub}
  0x0000021e8364d9a4: 9048 bb00 | 0000 0000 

  0x0000021e8364d9ac: ;   {runtime_call nmethod}
  0x0000021e8364d9ac: 0000 00e9 | fbff ffff 

  0x0000021e8364d9b4: ;   {static_stub}
  0x0000021e8364d9b4: 9048 bb00 | 0000 0000 

  0x0000021e8364d9bc: ;   {runtime_call nmethod}
  0x0000021e8364d9bc: 0000 00e9 | fbff ffff 

  0x0000021e8364d9c4: ;   {static_stub}
  0x0000021e8364d9c4: 9048 bb00 | 0000 0000 

  0x0000021e8364d9cc: ;   {runtime_call nmethod}
  0x0000021e8364d9cc: 0000 00e9 | fbff ffff 

  0x0000021e8364d9d4: ;   {static_stub}
  0x0000021e8364d9d4: 9048 bb00 | 0000 0000 

  0x0000021e8364d9dc: ;   {runtime_call nmethod}
  0x0000021e8364d9dc: 0000 00e9 | fbff ffff 

  0x0000021e8364d9e4: ;   {static_stub}
  0x0000021e8364d9e4: 9048 bb00 | 0000 0000 

  0x0000021e8364d9ec: ;   {runtime_call nmethod}
  0x0000021e8364d9ec: 0000 00e9 | fbff ffff 

  0x0000021e8364d9f4: ;   {static_stub}
  0x0000021e8364d9f4: 9048 bb00 | 0000 0000 

  0x0000021e8364d9fc: ;   {runtime_call nmethod}
  0x0000021e8364d9fc: 0000 00e9 | fbff ffff 

  0x0000021e8364da04: ;   {static_stub}
  0x0000021e8364da04: 9048 bb00 | 0000 0000 

  0x0000021e8364da0c: ;   {runtime_call nmethod}
  0x0000021e8364da0c: 0000 00e9 | fbff ffff 

  0x0000021e8364da14: ;   {static_stub}
  0x0000021e8364da14: 9048 bb00 | 0000 0000 

  0x0000021e8364da1c: ;   {runtime_call nmethod}
  0x0000021e8364da1c: 0000 00e9 | fbff ffff 

  0x0000021e8364da24: ;   {static_stub}
  0x0000021e8364da24: 9048 bb00 | 0000 0000 

  0x0000021e8364da2c: ;   {runtime_call nmethod}
  0x0000021e8364da2c: 0000 00e9 | fbff ffff 

  0x0000021e8364da34: ;   {static_stub}
  0x0000021e8364da34: 9048 bb00 | 0000 0000 

  0x0000021e8364da3c: ;   {runtime_call nmethod}
  0x0000021e8364da3c: 0000 00e9 | fbff ffff 

  0x0000021e8364da44: ;   {static_stub}
  0x0000021e8364da44: 9048 bb00 | 0000 0000 

  0x0000021e8364da4c: ;   {runtime_call nmethod}
  0x0000021e8364da4c: 0000 00e9 | fbff ffff 

  0x0000021e8364da54: ;   {static_stub}
  0x0000021e8364da54: 9048 bb00 | 0000 0000 

  0x0000021e8364da5c: ;   {runtime_call nmethod}
  0x0000021e8364da5c: 0000 00e9 | fbff ffff 

  0x0000021e8364da64: ;   {static_stub}
  0x0000021e8364da64: 9048 bb00 | 0000 0000 

  0x0000021e8364da6c: ;   {runtime_call nmethod}
  0x0000021e8364da6c: 0000 00e9 | fbff ffff 

  0x0000021e8364da74: ;   {static_stub}
  0x0000021e8364da74: 48bb 0000 | 0000 0000 

  0x0000021e8364da7c: ;   {runtime_call nmethod}
  0x0000021e8364da7c: 0000 e9fb 

  0x0000021e8364da80: ;   {static_stub}
  0x0000021e8364da80: ffff ff48 | bb00 0000 | 0000 0000 

  0x0000021e8364da8c: ;   {runtime_call nmethod}
  0x0000021e8364da8c: 00e9 fbff 

  0x0000021e8364da90: ;   {static_stub}
  0x0000021e8364da90: ffff 48bb | 0000 0000 | 0000 0000 

  0x0000021e8364da9c: ;   {runtime_call nmethod}
  0x0000021e8364da9c: e9fb ffff 

  0x0000021e8364daa0: ;   {static_stub}
  0x0000021e8364daa0: ff48 bb00 | 0000 0000 

  0x0000021e8364daa8: ;   {runtime_call nmethod}
  0x0000021e8364daa8: 0000 00e9 | fbff ffff 

  0x0000021e8364dab0: ;   {static_stub}
  0x0000021e8364dab0: 48bb 0000 | 0000 0000 

  0x0000021e8364dab8: ;   {runtime_call nmethod}
  0x0000021e8364dab8: 0000 e9fb 

  0x0000021e8364dabc: ;   {static_stub}
  0x0000021e8364dabc: ffff ff48 | bb00 0000 | 0000 0000 

  0x0000021e8364dac8: ;   {runtime_call nmethod}
  0x0000021e8364dac8: 00e9 fbff 

  0x0000021e8364dacc: ;   {static_stub}
  0x0000021e8364dacc: ffff 48bb | 0000 0000 | 0000 0000 

  0x0000021e8364dad8: ;   {runtime_call nmethod}
  0x0000021e8364dad8: e9fb ffff 

  0x0000021e8364dadc: ;   {static_stub}
  0x0000021e8364dadc: ff48 bb00 | 0000 0000 

  0x0000021e8364dae4: ;   {runtime_call nmethod}
  0x0000021e8364dae4: 0000 00e9 | fbff ffff 

  0x0000021e8364daec: ;   {static_stub}
  0x0000021e8364daec: 48bb 0000 | 0000 0000 

  0x0000021e8364daf4: ;   {runtime_call nmethod}
  0x0000021e8364daf4: 0000 e9fb 

  0x0000021e8364daf8: ;   {static_stub}
  0x0000021e8364daf8: ffff ff48 | bb00 0000 | 0000 0000 

  0x0000021e8364db04: ;   {runtime_call nmethod}
  0x0000021e8364db04: 00e9 fbff 

  0x0000021e8364db08: ;   {static_stub}
  0x0000021e8364db08: ffff 48bb | 0000 0000 | 0000 0000 

  0x0000021e8364db14: ;   {runtime_call nmethod}
  0x0000021e8364db14: e9fb ffff 

  0x0000021e8364db18: ;   {static_stub}
  0x0000021e8364db18: ff48 bb00 | 0000 0000 

  0x0000021e8364db20: ;   {runtime_call nmethod}
  0x0000021e8364db20: 0000 00e9 | fbff ffff 

  0x0000021e8364db28: ;   {static_stub}
  0x0000021e8364db28: 48bb 0000 | 0000 0000 

  0x0000021e8364db30: ;   {runtime_call nmethod}
  0x0000021e8364db30: 0000 e9fb 

  0x0000021e8364db34: ;   {runtime_call handle_exception_from_callee Runtime1 stub}
  0x0000021e8364db34: ffff ffe8 | 44d9 beff 

  0x0000021e8364db3c: ;   {external_word}
  0x0000021e8364db3c: 48b9 5063 | 3f3d fa7f | 0000 4883 

  0x0000021e8364db48: ;   {runtime_call}
  0x0000021e8364db48: e4f0 48b8 | c0c9 013d | fa7f 0000 

  0x0000021e8364db54: ;   {section_word}
  0x0000021e8364db54: ffd0 f449 | ba57 db64 | 831e 0200 

  0x0000021e8364db60: ;   {runtime_call DeoptimizationBlob}
  0x0000021e8364db60: 0041 52e9 | 386b b4ff 
[/MachCode]


---------------  P R O C E S S  ---------------

Threads class SMR info:
_java_thread_list=0x0000021e8fe94280, length=29, elements={
0x0000021eff591310, 0x0000021e894bde90, 0x0000021e894be8f0, 0x0000021e894f84d0,
0x0000021e894f8f30, 0x0000021e894f6c20, 0x0000021e89513980, 0x0000021e89507d30,
0x0000021e8966a580, 0x0000021e895146a0, 0x0000021e895160e0, 0x0000021e8e74b220,
0x0000021e8e74b8d0, 0x0000021e89515a50, 0x0000021e89512c60, 0x0000021e895132f0,
0x0000021e89514d30, 0x0000021e895153c0, 0x0000021e89514010, 0x0000021e8f6e1ae0,
0x0000021e8f6e2800, 0x0000021e8f6e2e90, 0x0000021e8f6e3520, 0x0000021e8f6e2170,
0x0000021e8f6e00a0, 0x0000021e8f6e3bb0, 0x0000021e8f6e4240, 0x0000021e8f6e0dc0,
0x0000021e8f6e48d0
}

Java Threads: ( => current thread )
  0x0000021eff591310 JavaThread "main"                              [_thread_blocked, id=3340, stack(0x0000006c97000000,0x0000006c97080000) (512K)]
  0x0000021e894bde90 JavaThread "Reference Handler"          daemon [_thread_blocked, id=29524, stack(0x0000006c97780000,0x0000006c97800000) (512K)]
  0x0000021e894be8f0 JavaThread "Finalizer"                  daemon [_thread_blocked, id=43608, stack(0x0000006c97800000,0x0000006c97880000) (512K)]
  0x0000021e894f84d0 JavaThread "Signal Dispatcher"          daemon [_thread_blocked, id=36200, stack(0x0000006c97880000,0x0000006c97900000) (512K)]
  0x0000021e894f8f30 JavaThread "Attach Listener"            daemon [_thread_blocked, id=28948, stack(0x0000006c97900000,0x0000006c97980000) (512K)]
  0x0000021e894f6c20 JavaThread "Service Thread"             daemon [_thread_blocked, id=6508, stack(0x0000006c97980000,0x0000006c97a00000) (512K)]
  0x0000021e89513980 JavaThread "Monitor Deflation Thread"   daemon [_thread_blocked, id=44988, stack(0x0000006c97a00000,0x0000006c97a80000) (512K)]
  0x0000021e89507d30 JavaThread "C1 CompilerThread0"         daemon [_thread_blocked, id=12520, stack(0x0000006c97a80000,0x0000006c97b80000) (1024K)]
  0x0000021e8966a580 JavaThread "C1 CompilerThread1"         daemon [_thread_blocked, id=26832, stack(0x0000006c97b80000,0x0000006c97c80000) (1024K)]
  0x0000021e895146a0 JavaThread "Common-Cleaner"             daemon [_thread_blocked, id=45112, stack(0x0000006c97c80000,0x0000006c97d00000) (512K)]
  0x0000021e895160e0 JavaThread "Notification Thread"        daemon [_thread_blocked, id=13132, stack(0x0000006c97d00000,0x0000006c97d80000) (512K)]
  0x0000021e8e74b220 JavaThread "C1 CompilerThread2"         daemon [_thread_blocked, id=12780, stack(0x0000006c97f80000,0x0000006c98080000) (1024K)]
  0x0000021e8e74b8d0 JavaThread "C1 CompilerThread3"         daemon [_thread_blocked, id=41576, stack(0x0000006c98080000,0x0000006c98180000) (1024K)]
  0x0000021e89515a50 JavaThread "Daemon health stats"               [_thread_blocked, id=16356, stack(0x0000006c98380000,0x0000006c98400000) (512K)]
  0x0000021e89512c60 JavaThread "Incoming local TCP Connector on port 52880"        [_thread_in_native, id=45400, stack(0x0000006c98400000,0x0000006c98480000) (512K)]
  0x0000021e895132f0 JavaThread "Daemon periodic checks"            [_thread_blocked, id=45716, stack(0x0000006c98480000,0x0000006c98500000) (512K)]
  0x0000021e89514d30 JavaThread "Daemon"                            [_thread_blocked, id=13092, stack(0x0000006c98500000,0x0000006c98580000) (512K)]
  0x0000021e895153c0 JavaThread "Handler for socket connection from /127.0.0.1:52880 to /127.0.0.1:52889"        [_thread_in_native, id=38468, stack(0x0000006c98580000,0x0000006c98600000) (512K)]
  0x0000021e89514010 JavaThread "Cancel handler"                    [_thread_blocked, id=16216, stack(0x0000006c98600000,0x0000006c98680000) (512K)]
=>0x0000021e8f6e1ae0 JavaThread "Daemon worker"                     [_thread_in_vm, id=22988, stack(0x0000006c98680000,0x0000006c98700000) (512K)]
  0x0000021e8f6e2800 JavaThread "Asynchronous log dispatcher for DefaultDaemonConnection: socket connection from /127.0.0.1:52880 to /127.0.0.1:52889"        [_thread_blocked, id=41748, stack(0x0000006c98700000,0x0000006c98780000) (512K)]
  0x0000021e8f6e2e90 JavaThread "Stdin handler"                     [_thread_blocked, id=28088, stack(0x0000006c98780000,0x0000006c98800000) (512K)]
  0x0000021e8f6e3520 JavaThread "Daemon client event forwarder"        [_thread_blocked, id=39872, stack(0x0000006c98800000,0x0000006c98880000) (512K)]
  0x0000021e8f6e2170 JavaThread "Cache worker for journal cache (C:\Users\PAULO ROBERTO\.gradle\caches\journal-1)"        [_thread_blocked, id=41468, stack(0x0000006c98f80000,0x0000006c99000000) (512K)]
  0x0000021e8f6e00a0 JavaThread "File lock request listener"        [_thread_in_native, id=2912, stack(0x0000006c99000000,0x0000006c99080000) (512K)]
  0x0000021e8f6e3bb0 JavaThread "Cache worker for file hash cache (C:\Users\PAULO ROBERTO\.gradle\caches\8.11.1\fileHashes)"        [_thread_blocked, id=42296, stack(0x0000006c99080000,0x0000006c99100000) (512K)]
  0x0000021e8f6e4240 JavaThread "Cache worker for file content cache (C:\Users\PAULO ROBERTO\.gradle\caches\8.11.1\fileContent)"        [_thread_blocked, id=11280, stack(0x0000006c99100000,0x0000006c99180000) (512K)]
  0x0000021e8f6e0dc0 JavaThread "Cache worker for file hash cache (C:\Downloads\relatorio-2026\android\.gradle\8.11.1\fileHashes)"        [_thread_blocked, id=27800, stack(0x0000006c99180000,0x0000006c99200000) (512K)]
  0x0000021e8f6e48d0 JavaThread "Cache worker for Build Output Cleanup Cache (C:\Downloads\relatorio-2026\android\.gradle\buildOutputCleanup)"        [_thread_blocked, id=26016, stack(0x0000006c99200000,0x0000006c99280000) (512K)]
Total: 29

Other Threads:
  0x0000021e894534f0 VMThread "VM Thread"                           [id=17744, stack(0x0000006c97680000,0x0000006c97780000) (1024K)]
  0x0000021e893f9930 WatcherThread "VM Periodic Task Thread"        [id=19732, stack(0x0000006c97580000,0x0000006c97680000) (1024K)]
  0x0000021eff5bfc60 WorkerThread "GC Thread#0"                     [id=40224, stack(0x0000006c97080000,0x0000006c97180000) (1024K)]
  0x0000021e8e2b15a0 WorkerThread "GC Thread#1"                     [id=27248, stack(0x0000006c97d80000,0x0000006c97e80000) (1024K)]
  0x0000021e8e2c1c40 WorkerThread "GC Thread#2"                     [id=44340, stack(0x0000006c97e80000,0x0000006c97f80000) (1024K)]
  0x0000021e8eaf03c0 WorkerThread "GC Thread#3"                     [id=13136, stack(0x0000006c98180000,0x0000006c98280000) (1024K)]
  0x0000021e8eb09f00 WorkerThread "GC Thread#4"                     [id=42524, stack(0x0000006c98280000,0x0000006c98380000) (1024K)]
  0x0000021e8f894140 WorkerThread "GC Thread#5"                     [id=32500, stack(0x0000006c98880000,0x0000006c98980000) (1024K)]
  0x0000021e8f7ac5d0 WorkerThread "GC Thread#6"                     [id=45872, stack(0x0000006c98980000,0x0000006c98a80000) (1024K)]
  0x0000021e8f7ac980 WorkerThread "GC Thread#7"                     [id=43940, stack(0x0000006c98a80000,0x0000006c98b80000) (1024K)]
  0x0000021e8f7acd30 WorkerThread "GC Thread#8"                     [id=41636, stack(0x0000006c98b80000,0x0000006c98c80000) (1024K)]
  0x0000021e8f798750 WorkerThread "GC Thread#9"                     [id=43124, stack(0x0000006c98c80000,0x0000006c98d80000) (1024K)]
  0x0000021eff5c5b60 ConcurrentGCThread "G1 Main Marker"            [id=43396, stack(0x0000006c97180000,0x0000006c97280000) (1024K)]
  0x0000021eff5c9310 WorkerThread "G1 Conc#0"                       [id=13356, stack(0x0000006c97280000,0x0000006c97380000) (1024K)]
  0x0000021e8f8f3b00 WorkerThread "G1 Conc#1"                       [id=20132, stack(0x0000006c98d80000,0x0000006c98e80000) (1024K)]
  0x0000021e8f8f2ff0 WorkerThread "G1 Conc#2"                       [id=39292, stack(0x0000006c98e80000,0x0000006c98f80000) (1024K)]
  0x0000021e892d10a0 ConcurrentGCThread "G1 Refine#0"               [id=25356, stack(0x0000006c97380000,0x0000006c97480000) (1024K)]
  0x0000021e892d18d0 ConcurrentGCThread "G1 Service"                [id=28016, stack(0x0000006c97480000,0x0000006c97580000) (1024K)]
Total: 18

Threads with active compile tasks:
Total: 0

VM state: not at safepoint (normal execution)

VM Mutex/Monitor currently owned by a thread:  ([mutex/lock_event])
[0x00007ffa3d6ad530] Metaspace_lock - owner thread: 0x0000021e8f6e1ae0

Heap address: 0x0000000200000000, size: 640 MB, Compressed Oops mode: Zero based, Oop shift amount: 3

CDS archive(s) not mapped
Compressed class space mapped at: 0x0000000228000000-0x0000000230000000, reserved size: 134217728
Narrow klass base: 0x0000000000000000, Narrow klass shift: 3, Narrow klass range: 0x230000000

GC Precious Log:
 CardTable entry size: 512
 Card Set container configuration: InlinePtr #cards 5 size 8 Array Of Cards #cards 12 size 40 Howl #buckets 4 coarsen threshold 1843 Howl Bitmap #cards 512 size 80 coarsen threshold 460 Card regions per heap region 1 cards per card region 2048
 CPUs: 12 total, 12 available
 Memory: 16087M
 Large Page Support: Disabled
 NUMA Support: Disabled
 Compressed Oops: Enabled (Zero based)
 Heap Region Size: 1M
 Heap Min Capacity: 96M
 Heap Initial Capacity: 96M
 Heap Max Capacity: 640M
 Pre-touch: Disabled
 Parallel Workers: 10
 Concurrent Workers: 3
 Concurrent Refinement Workers: 10
 Periodic GC: Disabled

Heap:
 garbage-first heap   total 98304K, used 39750K [0x0000000200000000, 0x0000000228000000)
  region size 1024K, 20 young (20480K), 4 survivors (4096K)
 Metaspace       used 29197K, committed 29952K, reserved 196608K
  class space    used 4162K, committed 4544K, reserved 131072K

Heap Regions: E=young(eden), S=young(survivor), O=old, HS=humongous(starts), HC=humongous(continues), CS=collection set, F=free, TAMS=top-at-mark-start, PB=parsable bottom
|   0|0x0000000200000000, 0x0000000200100000, 0x0000000200100000|100%|HS|  |TAMS 0x0000000200000000| PB 0x0000000200000000| Complete 
|   1|0x0000000200100000, 0x0000000200200000, 0x0000000200200000|100%|HC|  |TAMS 0x0000000200100000| PB 0x0000000200100000| Complete 
|   2|0x0000000200200000, 0x0000000200300000, 0x0000000200300000|100%|HC|  |TAMS 0x0000000200200000| PB 0x0000000200200000| Complete 
|   3|0x0000000200300000, 0x0000000200400000, 0x0000000200400000|100%| O|  |TAMS 0x0000000200300000| PB 0x0000000200300000| Untracked 
|   4|0x0000000200400000, 0x0000000200500000, 0x0000000200500000|100%| O|  |TAMS 0x0000000200400000| PB 0x0000000200400000| Untracked 
|   5|0x0000000200500000, 0x0000000200600000, 0x0000000200600000|100%|HS|  |TAMS 0x0000000200500000| PB 0x0000000200500000| Complete 
|   6|0x0000000200600000, 0x0000000200700000, 0x0000000200700000|100%| O|  |TAMS 0x0000000200600000| PB 0x0000000200600000| Untracked 
|   7|0x0000000200700000, 0x0000000200800000, 0x0000000200800000|100%| O|  |TAMS 0x0000000200700000| PB 0x0000000200700000| Untracked 
|   8|0x0000000200800000, 0x0000000200900000, 0x0000000200900000|100%| O|  |TAMS 0x0000000200800000| PB 0x0000000200800000| Untracked 
|   9|0x0000000200900000, 0x0000000200a00000, 0x0000000200a00000|100%| O|  |TAMS 0x0000000200900000| PB 0x0000000200900000| Untracked 
|  10|0x0000000200a00000, 0x0000000200b00000, 0x0000000200b00000|100%| O|Cm|TAMS 0x0000000200a00000| PB 0x0000000200a00000| Complete 
|  11|0x0000000200b00000, 0x0000000200c00000, 0x0000000200c00000|100%| O|  |TAMS 0x0000000200b00000| PB 0x0000000200b00000| Untracked 
|  12|0x0000000200c00000, 0x0000000200d00000, 0x0000000200d00000|100%| O|  |TAMS 0x0000000200c00000| PB 0x0000000200c00000| Untracked 
|  13|0x0000000200d00000, 0x0000000200e00000, 0x0000000200e00000|100%| O|  |TAMS 0x0000000200d00000| PB 0x0000000200d00000| Untracked 
|  14|0x0000000200e00000, 0x0000000200f00000, 0x0000000200f00000|100%| O|  |TAMS 0x0000000200e00000| PB 0x0000000200e00000| Untracked 
|  15|0x0000000200f00000, 0x0000000201000000, 0x0000000201000000|100%| O|  |TAMS 0x0000000200f00000| PB 0x0000000200f00000| Untracked 
|  16|0x0000000201000000, 0x0000000201100000, 0x0000000201100000|100%| O|  |TAMS 0x0000000201000000| PB 0x0000000201000000| Untracked 
|  17|0x0000000201100000, 0x0000000201200000, 0x0000000201200000|100%| O|  |TAMS 0x0000000201100000| PB 0x0000000201100000| Untracked 
|  18|0x0000000201200000, 0x0000000201300000, 0x0000000201300000|100%| O|  |TAMS 0x0000000201200000| PB 0x0000000201200000| Untracked 
|  19|0x0000000201300000, 0x0000000201400000, 0x0000000201400000|100%| O|  |TAMS 0x0000000201300000| PB 0x0000000201300000| Untracked 
|  20|0x0000000201400000, 0x0000000201458af0, 0x0000000201500000| 34%| O|  |TAMS 0x0000000201400000| PB 0x0000000201400000| Untracked 
|  21|0x0000000201500000, 0x0000000201500000, 0x0000000201600000|  0%| F|  |TAMS 0x0000000201500000| PB 0x0000000201500000| Untracked 
|  22|0x0000000201600000, 0x0000000201600000, 0x0000000201700000|  0%| F|  |TAMS 0x0000000201600000| PB 0x0000000201600000| Untracked 
|  23|0x0000000201700000, 0x0000000201700000, 0x0000000201800000|  0%| F|  |TAMS 0x0000000201700000| PB 0x0000000201700000| Untracked 
|  24|0x0000000201800000, 0x0000000201800000, 0x0000000201900000|  0%| F|  |TAMS 0x0000000201800000| PB 0x0000000201800000| Untracked 
|  25|0x0000000201900000, 0x0000000201900000, 0x0000000201a00000|  0%| F|  |TAMS 0x0000000201900000| PB 0x0000000201900000| Untracked 
|  26|0x0000000201a00000, 0x0000000201a00000, 0x0000000201b00000|  0%| F|  |TAMS 0x0000000201a00000| PB 0x0000000201a00000| Untracked 
|  27|0x0000000201b00000, 0x0000000201b00000, 0x0000000201c00000|  0%| F|  |TAMS 0x0000000201b00000| PB 0x0000000201b00000| Untracked 
|  28|0x0000000201c00000, 0x0000000201c00000, 0x0000000201d00000|  0%| F|  |TAMS 0x0000000201c00000| PB 0x0000000201c00000| Untracked 
|  29|0x0000000201d00000, 0x0000000201d00000, 0x0000000201e00000|  0%| F|  |TAMS 0x0000000201d00000| PB 0x0000000201d00000| Untracked 
|  30|0x0000000201e00000, 0x0000000201e00000, 0x0000000201f00000|  0%| F|  |TAMS 0x0000000201e00000| PB 0x0000000201e00000| Untracked 
|  31|0x0000000201f00000, 0x0000000201f00000, 0x0000000202000000|  0%| F|  |TAMS 0x0000000201f00000| PB 0x0000000201f00000| Untracked 
|  32|0x0000000202000000, 0x0000000202000000, 0x0000000202100000|  0%| F|  |TAMS 0x0000000202000000| PB 0x0000000202000000| Untracked 
|  33|0x0000000202100000, 0x0000000202100000, 0x0000000202200000|  0%| F|  |TAMS 0x0000000202100000| PB 0x0000000202100000| Untracked 
|  34|0x0000000202200000, 0x0000000202200000, 0x0000000202300000|  0%| F|  |TAMS 0x0000000202200000| PB 0x0000000202200000| Untracked 
|  35|0x0000000202300000, 0x0000000202378f90, 0x0000000202400000| 47%| S|CS|TAMS 0x0000000202300000| PB 0x0000000202300000| Complete 
|  36|0x0000000202400000, 0x0000000202500000, 0x0000000202500000|100%| S|CS|TAMS 0x0000000202400000| PB 0x0000000202400000| Complete 
|  37|0x0000000202500000, 0x0000000202600000, 0x0000000202600000|100%| S|CS|TAMS 0x0000000202500000| PB 0x0000000202500000| Complete 
|  38|0x0000000202600000, 0x0000000202700000, 0x0000000202700000|100%| S|CS|TAMS 0x0000000202600000| PB 0x0000000202600000| Complete 
|  39|0x0000000202700000, 0x0000000202700000, 0x0000000202800000|  0%| F|  |TAMS 0x0000000202700000| PB 0x0000000202700000| Untracked 
|  40|0x0000000202800000, 0x0000000202800000, 0x0000000202900000|  0%| F|  |TAMS 0x0000000202800000| PB 0x0000000202800000| Untracked 
|  41|0x0000000202900000, 0x0000000202900000, 0x0000000202a00000|  0%| F|  |TAMS 0x0000000202900000| PB 0x0000000202900000| Untracked 
|  42|0x0000000202a00000, 0x0000000202a00000, 0x0000000202b00000|  0%| F|  |TAMS 0x0000000202a00000| PB 0x0000000202a00000| Untracked 
|  43|0x0000000202b00000, 0x0000000202b00000, 0x0000000202c00000|  0%| F|  |TAMS 0x0000000202b00000| PB 0x0000000202b00000| Untracked 
|  44|0x0000000202c00000, 0x0000000202c00000, 0x0000000202d00000|  0%| F|  |TAMS 0x0000000202c00000| PB 0x0000000202c00000| Untracked 
|  45|0x0000000202d00000, 0x0000000202d00000, 0x0000000202e00000|  0%| F|  |TAMS 0x0000000202d00000| PB 0x0000000202d00000| Untracked 
|  46|0x0000000202e00000, 0x0000000202e00000, 0x0000000202f00000|  0%| F|  |TAMS 0x0000000202e00000| PB 0x0000000202e00000| Untracked 
|  47|0x0000000202f00000, 0x0000000202f00000, 0x0000000203000000|  0%| F|  |TAMS 0x0000000202f00000| PB 0x0000000202f00000| Untracked 
|  48|0x0000000203000000, 0x0000000203000000, 0x0000000203100000|  0%| F|  |TAMS 0x0000000203000000| PB 0x0000000203000000| Untracked 
|  49|0x0000000203100000, 0x0000000203100000, 0x0000000203200000|  0%| F|  |TAMS 0x0000000203100000| PB 0x0000000203100000| Untracked 
|  50|0x0000000203200000, 0x0000000203200000, 0x0000000203300000|  0%| F|  |TAMS 0x0000000203200000| PB 0x0000000203200000| Untracked 
|  51|0x0000000203300000, 0x0000000203300000, 0x0000000203400000|  0%| F|  |TAMS 0x0000000203300000| PB 0x0000000203300000| Untracked 
|  52|0x0000000203400000, 0x0000000203400000, 0x0000000203500000|  0%| F|  |TAMS 0x0000000203400000| PB 0x0000000203400000| Untracked 
|  53|0x0000000203500000, 0x0000000203500000, 0x0000000203600000|  0%| F|  |TAMS 0x0000000203500000| PB 0x0000000203500000| Untracked 
|  54|0x0000000203600000, 0x0000000203600000, 0x0000000203700000|  0%| F|  |TAMS 0x0000000203600000| PB 0x0000000203600000| Untracked 
|  55|0x0000000203700000, 0x0000000203700000, 0x0000000203800000|  0%| F|  |TAMS 0x0000000203700000| PB 0x0000000203700000| Untracked 
|  56|0x0000000203800000, 0x0000000203800000, 0x0000000203900000|  0%| F|  |TAMS 0x0000000203800000| PB 0x0000000203800000| Untracked 
|  57|0x0000000203900000, 0x0000000203900000, 0x0000000203a00000|  0%| F|  |TAMS 0x0000000203900000| PB 0x0000000203900000| Untracked 
|  58|0x0000000203a00000, 0x0000000203a00000, 0x0000000203b00000|  0%| F|  |TAMS 0x0000000203a00000| PB 0x0000000203a00000| Untracked 
|  59|0x0000000203b00000, 0x0000000203b00000, 0x0000000203c00000|  0%| F|  |TAMS 0x0000000203b00000| PB 0x0000000203b00000| Untracked 
|  60|0x0000000203c00000, 0x0000000203c00000, 0x0000000203d00000|  0%| F|  |TAMS 0x0000000203c00000| PB 0x0000000203c00000| Untracked 
|  61|0x0000000203d00000, 0x0000000203d00000, 0x0000000203e00000|  0%| F|  |TAMS 0x0000000203d00000| PB 0x0000000203d00000| Untracked 
|  62|0x0000000203e00000, 0x0000000203e00000, 0x0000000203f00000|  0%| F|  |TAMS 0x0000000203e00000| PB 0x0000000203e00000| Untracked 
|  63|0x0000000203f00000, 0x0000000203f00000, 0x0000000204000000|  0%| F|  |TAMS 0x0000000203f00000| PB 0x0000000203f00000| Untracked 
|  64|0x0000000204000000, 0x0000000204000000, 0x0000000204100000|  0%| F|  |TAMS 0x0000000204000000| PB 0x0000000204000000| Untracked 
|  65|0x0000000204100000, 0x0000000204100000, 0x0000000204200000|  0%| F|  |TAMS 0x0000000204100000| PB 0x0000000204100000| Untracked 
|  66|0x0000000204200000, 0x0000000204200000, 0x0000000204300000|  0%| F|  |TAMS 0x0000000204200000| PB 0x0000000204200000| Untracked 
|  67|0x0000000204300000, 0x0000000204300000, 0x0000000204400000|  0%| F|  |TAMS 0x0000000204300000| PB 0x0000000204300000| Untracked 
|  68|0x0000000204400000, 0x0000000204400000, 0x0000000204500000|  0%| F|  |TAMS 0x0000000204400000| PB 0x0000000204400000| Untracked 
|  69|0x0000000204500000, 0x0000000204500000, 0x0000000204600000|  0%| F|  |TAMS 0x0000000204500000| PB 0x0000000204500000| Untracked 
|  70|0x0000000204600000, 0x0000000204600000, 0x0000000204700000|  0%| F|  |TAMS 0x0000000204600000| PB 0x0000000204600000| Untracked 
|  71|0x0000000204700000, 0x0000000204700000, 0x0000000204800000|  0%| F|  |TAMS 0x0000000204700000| PB 0x0000000204700000| Untracked 
|  72|0x0000000204800000, 0x0000000204800000, 0x0000000204900000|  0%| F|  |TAMS 0x0000000204800000| PB 0x0000000204800000| Untracked 
|  73|0x0000000204900000, 0x0000000204900000, 0x0000000204a00000|  0%| F|  |TAMS 0x0000000204900000| PB 0x0000000204900000| Untracked 
|  74|0x0000000204a00000, 0x0000000204a00000, 0x0000000204b00000|  0%| F|  |TAMS 0x0000000204a00000| PB 0x0000000204a00000| Untracked 
|  75|0x0000000204b00000, 0x0000000204b00000, 0x0000000204c00000|  0%| F|  |TAMS 0x0000000204b00000| PB 0x0000000204b00000| Untracked 
|  76|0x0000000204c00000, 0x0000000204c00000, 0x0000000204d00000|  0%| F|  |TAMS 0x0000000204c00000| PB 0x0000000204c00000| Untracked 
|  77|0x0000000204d00000, 0x0000000204d00000, 0x0000000204e00000|  0%| F|  |TAMS 0x0000000204d00000| PB 0x0000000204d00000| Untracked 
|  78|0x0000000204e00000, 0x0000000204e00000, 0x0000000204f00000|  0%| F|  |TAMS 0x0000000204e00000| PB 0x0000000204e00000| Untracked 
|  79|0x0000000204f00000, 0x0000000204f00000, 0x0000000205000000|  0%| F|  |TAMS 0x0000000204f00000| PB 0x0000000204f00000| Untracked 
|  80|0x0000000205000000, 0x0000000205080000, 0x0000000205100000| 50%| E|  |TAMS 0x0000000205000000| PB 0x0000000205000000| Complete 
|  81|0x0000000205100000, 0x0000000205200000, 0x0000000205200000|100%| E|CS|TAMS 0x0000000205100000| PB 0x0000000205100000| Complete 
|  82|0x0000000205200000, 0x0000000205300000, 0x0000000205300000|100%| E|CS|TAMS 0x0000000205200000| PB 0x0000000205200000| Complete 
|  83|0x0000000205300000, 0x0000000205400000, 0x0000000205400000|100%| E|CS|TAMS 0x0000000205300000| PB 0x0000000205300000| Complete 
|  84|0x0000000205400000, 0x0000000205500000, 0x0000000205500000|100%| E|CS|TAMS 0x0000000205400000| PB 0x0000000205400000| Complete 
|  85|0x0000000205500000, 0x0000000205600000, 0x0000000205600000|100%| E|CS|TAMS 0x0000000205500000| PB 0x0000000205500000| Complete 
|  86|0x0000000205600000, 0x0000000205700000, 0x0000000205700000|100%| E|CS|TAMS 0x0000000205600000| PB 0x0000000205600000| Complete 
|  87|0x0000000205700000, 0x0000000205800000, 0x0000000205800000|100%| E|CS|TAMS 0x0000000205700000| PB 0x0000000205700000| Complete 
|  88|0x0000000205800000, 0x0000000205900000, 0x0000000205900000|100%| E|CS|TAMS 0x0000000205800000| PB 0x0000000205800000| Complete 
|  89|0x0000000205900000, 0x0000000205a00000, 0x0000000205a00000|100%| E|CS|TAMS 0x0000000205900000| PB 0x0000000205900000| Complete 
|  90|0x0000000205a00000, 0x0000000205b00000, 0x0000000205b00000|100%| E|CS|TAMS 0x0000000205a00000| PB 0x0000000205a00000| Complete 
|  91|0x0000000205b00000, 0x0000000205c00000, 0x0000000205c00000|100%| E|CS|TAMS 0x0000000205b00000| PB 0x0000000205b00000| Complete 
|  92|0x0000000205c00000, 0x0000000205d00000, 0x0000000205d00000|100%| E|CS|TAMS 0x0000000205c00000| PB 0x0000000205c00000| Complete 
|  93|0x0000000205d00000, 0x0000000205e00000, 0x0000000205e00000|100%| E|CS|TAMS 0x0000000205d00000| PB 0x0000000205d00000| Complete 
|  94|0x0000000205e00000, 0x0000000205f00000, 0x0000000205f00000|100%| E|CS|TAMS 0x0000000205e00000| PB 0x0000000205e00000| Complete 
|  95|0x0000000205f00000, 0x0000000206000000, 0x0000000206000000|100%| E|CS|TAMS 0x0000000205f00000| PB 0x0000000205f00000| Complete 

Card table byte_map: [0x0000021effac0000,0x0000021effc00000] _byte_map_base: 0x0000021efeac0000

Marking Bits: (CMBitMap*) 0x0000021eff5c0280
 Bits: [0x0000021e86140000, 0x0000021e86b40000)

Polling page: 0x0000021efd440000

Metaspace:

Usage:
  Non-class:     24.45 MB used.
      Class:      4.06 MB used.
       Both:     28.51 MB used.

Virtual space:
  Non-class space:       64.00 MB reserved,      24.81 MB ( 39%) committed,  1 nodes.
      Class space:      128.00 MB reserved,       4.44 MB (  3%) committed,  1 nodes.
             Both:      192.00 MB reserved,      29.25 MB ( 15%) committed. 

Chunk freelists:
   Non-Class:  7.17 MB
       Class:  11.51 MB
        Both:  18.68 MB

MaxMetaspaceSize: 160.00 MB
CompressedClassSpaceSize: 128.00 MB
Initial GC threshold: 21.00 MB
Current GC threshold: 35.12 MB
CDS: off
 - commit_granule_bytes: 65536.
 - commit_granule_words: 8192.
 - virtual_space_node_default_size: 8388608.
 - enlarge_chunks_in_place: 1.
 - use_allocation_guard: 0.


Internal statistics:

num_allocs_failed_limit: 3.
num_arena_births: 1268.
num_arena_deaths: 0.
num_vsnodes_births: 2.
num_vsnodes_deaths: 0.
num_space_committed: 468.
num_space_uncommitted: 0.
num_chunks_returned_to_freelist: 3.
num_chunks_taken_from_freelist: 2208.
num_chunk_merges: 3.
num_chunk_splits: 1440.
num_chunks_enlarged: 925.
num_inconsistent_stats: 0.

CodeCache: size=49152Kb used=7744Kb max_used=7744Kb free=41408Kb
 bounds [0x0000021e83140000, 0x0000021e838d0000, 0x0000021e86140000]
 total_blobs=3569, nmethods=3010, adapters=480, full_count=0
Compilation: enabled, stopped_count=0, restarted_count=0

Compilation events (20 events):
Event: 5.080 Thread 0x0000021e8966a580 2998       1       java.lang.reflect.ProxyGenerator$ProxyMethod::codeClassForName (35 bytes)
Event: 5.081 Thread 0x0000021e8966a580 nmethod 2998 0x0000021e838ca590 code [0x0000021e838ca780, 0x0000021e838ca988]
Event: 5.093 Thread 0x0000021e89507d30 2999       1       com.google.common.cache.LocalCache::evictsBySize (15 bytes)
Event: 5.093 Thread 0x0000021e8966a580 3000       1       java.lang.invoke.MethodHandles$Lookup::findVirtual (91 bytes)
Event: 5.093 Thread 0x0000021e8e74b8d0 3002       1       java.lang.invoke.MethodHandle::isSafeToCache (14 bytes)
Event: 5.093 Thread 0x0000021e8e74b220 3001       1       java.lang.invoke.MethodHandle::setAsTypeCache (33 bytes)
Event: 5.093 Thread 0x0000021e89507d30 nmethod 2999 0x0000021e838caa90 code [0x0000021e838cac20, 0x0000021e838cad10]
Event: 5.093 Thread 0x0000021e8e74b8d0 nmethod 3002 0x0000021e838cad90 code [0x0000021e838caf40, 0x0000021e838cb050]
Event: 5.094 Thread 0x0000021e8e74b220 nmethod 3001 0x0000021e838cb110 code [0x0000021e838cb2e0, 0x0000021e838cb650]
Event: 5.094 Thread 0x0000021e8966a580 nmethod 3000 0x0000021e838cb790 code [0x0000021e838cb9e0, 0x0000021e838cc090]
Event: 5.103 Thread 0x0000021e8e74b220 3003       1       java.lang.Module::allows (60 bytes)
Event: 5.104 Thread 0x0000021e8e74b220 nmethod 3003 0x0000021e838cc490 code [0x0000021e838cc680, 0x0000021e838cc8f0]
Event: 5.105 Thread 0x0000021e8966a580 3004       1       org.objectweb.asm.Type::appendDescriptor (90 bytes)
Event: 5.105 Thread 0x0000021e89507d30 3005       1       org.objectweb.asm.MethodWriter::endCurrentBasicBlockWithNoSuccessor (98 bytes)
Event: 5.105 Thread 0x0000021e8966a580 nmethod 3004 0x0000021e838cca10 code [0x0000021e838ccc00, 0x0000021e838cce58]
Event: 5.105 Thread 0x0000021e89507d30 nmethod 3005 0x0000021e838cd010 code [0x0000021e838cd1e0, 0x0000021e838cd638]
Event: 5.111 Thread 0x0000021e89507d30 3006   !   1       org.gradle.internal.service.ReflectionBasedServiceMethod::invoke (16 bytes)
Event: 5.111 Thread 0x0000021e8e74b8d0 3007   !   1       org.gradle.internal.reflect.JavaMethod::invoke (74 bytes)
Event: 5.111 Thread 0x0000021e89507d30 nmethod 3006 0x0000021e838cd790 code [0x0000021e838cd940, 0x0000021e838cda80]
Event: 5.112 Thread 0x0000021e8e74b8d0 nmethod 3007 0x0000021e838cdb90 code [0x0000021e838cde80, 0x0000021e838cea38]

GC Heap History (10 events):
Event: 0.671 GC heap before
{Heap before GC invocations=0 (full 0):
 garbage-first heap   total 98304K, used 22528K [0x0000000200000000, 0x0000000228000000)
  region size 1024K, 23 young (23552K), 0 survivors (0K)
 Metaspace       used 7257K, committed 7424K, reserved 196608K
  class space    used 696K, committed 768K, reserved 131072K
}
Event: 0.674 GC heap after
{Heap after GC invocations=1 (full 0):
 garbage-first heap   total 98304K, used 2368K [0x0000000200000000, 0x0000000228000000)
  region size 1024K, 3 young (3072K), 3 survivors (3072K)
 Metaspace       used 7257K, committed 7424K, reserved 196608K
  class space    used 696K, committed 768K, reserved 131072K
}
Event: 1.522 GC heap before
{Heap before GC invocations=1 (full 0):
 garbage-first heap   total 98304K, used 40256K [0x0000000200000000, 0x0000000228000000)
  region size 1024K, 38 young (38912K), 3 survivors (3072K)
 Metaspace       used 10724K, committed 10944K, reserved 196608K
  class space    used 1242K, committed 1344K, reserved 131072K
}
Event: 1.530 GC heap after
{Heap after GC invocations=2 (full 0):
 garbage-first heap   total 98304K, used 10240K [0x0000000200000000, 0x0000000228000000)
  region size 1024K, 5 young (5120K), 5 survivors (5120K)
 Metaspace       used 10724K, committed 10944K, reserved 196608K
  class space    used 1242K, committed 1344K, reserved 131072K
}
Event: 2.138 GC heap before
{Heap before GC invocations=2 (full 0):
 garbage-first heap   total 98304K, used 57344K [0x0000000200000000, 0x0000000228000000)
  region size 1024K, 49 young (50176K), 5 survivors (5120K)
 Metaspace       used 10847K, committed 11072K, reserved 196608K
  class space    used 1268K, committed 1344K, reserved 131072K
}
Event: 2.146 GC heap after
{Heap after GC invocations=3 (full 0):
 garbage-first heap   total 98304K, used 16325K [0x0000000200000000, 0x0000000228000000)
  region size 1024K, 5 young (5120K), 5 survivors (5120K)
 Metaspace       used 10847K, committed 11072K, reserved 196608K
  class space    used 1268K, committed 1344K, reserved 131072K
}
Event: 3.598 GC heap before
{Heap before GC invocations=3 (full 0):
 garbage-first heap   total 98304K, used 62405K [0x0000000200000000, 0x0000000228000000)
  region size 1024K, 51 young (52224K), 5 survivors (5120K)
 Metaspace       used 21098K, committed 21504K, reserved 196608K
  class space    used 2736K, committed 2944K, reserved 131072K
}
Event: 3.602 GC heap after
{Heap after GC invocations=4 (full 0):
 garbage-first heap   total 98304K, used 21218K [0x0000000200000000, 0x0000000228000000)
  region size 1024K, 5 young (5120K), 5 survivors (5120K)
 Metaspace       used 21098K, committed 21504K, reserved 196608K
  class space    used 2736K, committed 2944K, reserved 131072K
}
Event: 4.829 GC heap before
{Heap before GC invocations=5 (full 0):
 garbage-first heap   total 98304K, used 73442K [0x0000000200000000, 0x0000000228000000)
  region size 1024K, 57 young (58368K), 5 survivors (5120K)
 Metaspace       used 27352K, committed 28032K, reserved 196608K
  class space    used 3834K, committed 4160K, reserved 131072K
}
Event: 4.833 GC heap after
{Heap after GC invocations=6 (full 0):
 garbage-first heap   total 98304K, used 24390K [0x0000000200000000, 0x0000000228000000)
  region size 1024K, 4 young (4096K), 4 survivors (4096K)
 Metaspace       used 27352K, committed 28032K, reserved 196608K
  class space    used 3834K, committed 4160K, reserved 131072K
}

Dll operation events (20 events):
Event: 0.222 Attempting to load shared library C:\Users\PAULO ROBERTO\.vscode\extensions\redhat.java-1.56.0-win32-x64\jre\21.0.12.1-win32-x86_64\bin\nio.dll
Event: 0.222 Loaded shared library C:\Users\PAULO ROBERTO\.vscode\extensions\redhat.java-1.56.0-win32-x64\jre\21.0.12.1-win32-x86_64\bin\nio.dll
Event: 0.229 Attempting to load shared library C:\Users\PAULO ROBERTO\.vscode\extensions\redhat.java-1.56.0-win32-x64\jre\21.0.12.1-win32-x86_64\bin\zip.dll
Event: 0.229 Loaded shared library C:\Users\PAULO ROBERTO\.vscode\extensions\redhat.java-1.56.0-win32-x64\jre\21.0.12.1-win32-x86_64\bin\zip.dll
Event: 0.608 Attempting to load shared library C:\Users\PAULO ROBERTO\.vscode\extensions\redhat.java-1.56.0-win32-x64\jre\21.0.12.1-win32-x86_64\bin\jimage.dll
Event: 0.608 Loaded shared library C:\Users\PAULO ROBERTO\.vscode\extensions\redhat.java-1.56.0-win32-x64\jre\21.0.12.1-win32-x86_64\bin\jimage.dll
Event: 0.750 Attempting to load shared library C:\Users\PAULO ROBERTO\.vscode\extensions\redhat.java-1.56.0-win32-x64\jre\21.0.12.1-win32-x86_64\bin\verify.dll
Event: 0.751 Loaded shared library C:\Users\PAULO ROBERTO\.vscode\extensions\redhat.java-1.56.0-win32-x64\jre\21.0.12.1-win32-x86_64\bin\verify.dll
Event: 0.887 Attempting to load shared library C:\Users\PAULO ROBERTO\.gradle\native\c067742578af261105cb4f569cf0c3c89f3d7b1fecec35dd04571415982c5e48\windows-amd64\native-platform.dll
Event: 0.888 Loaded shared library C:\Users\PAULO ROBERTO\.gradle\native\c067742578af261105cb4f569cf0c3c89f3d7b1fecec35dd04571415982c5e48\windows-amd64\native-platform.dll
Event: 0.893 Attempting to load shared library C:\Users\PAULO ROBERTO\.gradle\native\100fb08df4bc3b14c8652ba06237920a3bd2aa13389f12d3474272988ae205f9\windows-amd64\native-platform-file-events.dll
Event: 1.079 Loaded shared library C:\Users\PAULO ROBERTO\.gradle\native\100fb08df4bc3b14c8652ba06237920a3bd2aa13389f12d3474272988ae205f9\windows-amd64\native-platform-file-events.dll
Event: 2.409 Attempting to load shared library C:\Users\PAULO ROBERTO\.vscode\extensions\redhat.java-1.56.0-win32-x64\jre\21.0.12.1-win32-x86_64\bin\management.dll
Event: 2.410 Loaded shared library C:\Users\PAULO ROBERTO\.vscode\extensions\redhat.java-1.56.0-win32-x64\jre\21.0.12.1-win32-x86_64\bin\management.dll
Event: 2.413 Attempting to load shared library C:\Users\PAULO ROBERTO\.vscode\extensions\redhat.java-1.56.0-win32-x64\jre\21.0.12.1-win32-x86_64\bin\management_ext.dll
Event: 2.414 Loaded shared library C:\Users\PAULO ROBERTO\.vscode\extensions\redhat.java-1.56.0-win32-x64\jre\21.0.12.1-win32-x86_64\bin\management_ext.dll
Event: 2.675 Attempting to load shared library C:\Users\PAULO ROBERTO\.vscode\extensions\redhat.java-1.56.0-win32-x64\jre\21.0.12.1-win32-x86_64\bin\extnet.dll
Event: 2.677 Loaded shared library C:\Users\PAULO ROBERTO\.vscode\extensions\redhat.java-1.56.0-win32-x64\jre\21.0.12.1-win32-x86_64\bin\extnet.dll
Event: 3.184 Attempting to load shared library C:\Users\PAULO ROBERTO\.vscode\extensions\redhat.java-1.56.0-win32-x64\jre\21.0.12.1-win32-x86_64\bin\sunmscapi.dll
Event: 3.187 Loaded shared library C:\Users\PAULO ROBERTO\.vscode\extensions\redhat.java-1.56.0-win32-x64\jre\21.0.12.1-win32-x86_64\bin\sunmscapi.dll

Deoptimization events (0 events):
No events

Classes loaded (20 events):
Event: 4.690 Loading class org/xml/sax/SAXException
Event: 4.690 Loading class org/xml/sax/SAXException done
Event: 4.690 Loading class javax/xml/xpath/XPathExpressionException
Event: 4.690 Loading class javax/xml/xpath/XPathException
Event: 4.690 Loading class javax/xml/xpath/XPathException done
Event: 4.690 Loading class javax/xml/xpath/XPathExpressionException done
Event: 4.690 Loading class org/xml/sax/ErrorHandler
Event: 4.690 Loading class org/xml/sax/ErrorHandler done
Event: 4.781 Loading class java/lang/ThreadLocal$SuppliedThreadLocal
Event: 4.781 Loading class java/lang/ThreadLocal$SuppliedThreadLocal done
Event: 4.884 Loading class java/util/zip/GZIPInputStream
Event: 4.884 Loading class java/util/zip/GZIPInputStream done
Event: 4.884 Loading class java/util/zip/GZIPOutputStream
Event: 4.884 Loading class java/util/zip/DeflaterOutputStream
Event: 4.884 Loading class java/util/zip/DeflaterOutputStream done
Event: 4.884 Loading class java/util/zip/GZIPOutputStream done
Event: 4.885 Loading class java/io/UnsupportedEncodingException
Event: 4.885 Loading class java/io/UnsupportedEncodingException done
Event: 4.928 Loading class java/util/Collections$SingletonMap
Event: 4.929 Loading class java/util/Collections$SingletonMap done

Classes unloaded (0 events):
No events

Classes redefined (0 events):
No events

Internal exceptions (20 events):
Event: 4.347 Thread 0x0000021e8f6e1ae0 Exception <a 'java/lang/NoSuchMethodError'{0x000000020429b580}: 'java.lang.Object java.lang.invoke.DirectMethodHandle$Holder.newInvokeSpecial(java.lang.Object, java.lang.Object, java.lang.Object, java.lang.Object, java.lang.Object, java.lang.Object, java.lang.Object, java.lang.Object, java.lang.Object, java.lang.Object)'> (0x000000020429b580) 
thrown [s\src\hotspot\share\interpreter\linkResolver.cpp, line 773]
Event: 4.386 Thread 0x0000021e8f6e1ae0 Exception <a 'java/lang/NoSuchMethodError'{0x00000002041d0428}: 'java.lang.Object java.lang.invoke.DirectMethodHandle$Holder.newInvokeSpecial(java.lang.Object, java.lang.Object, java.lang.Object, java.lang.Object, java.lang.Object, java.lang.Object, java.lang.Object, java.lang.Object)'> (0x00000002041d0428) 
thrown [s\src\hotspot\share\interpreter\linkResolver.cpp, line 773]
Event: 4.406 Thread 0x0000021e8f6e1ae0 Exception <a 'java/lang/NoSuchMethodError'{0x000000020409a660}: 'int java.lang.invoke.DirectMethodHandle$Holder.invokeStaticInit(java.lang.Object, java.lang.Object, java.lang.Object)'> (0x000000020409a660) 
thrown [s\src\hotspot\share\interpreter\linkResolver.cpp, line 773]
Event: 4.558 Thread 0x0000021e8f6e1ae0 Exception <a 'java/lang/NoSuchMethodError'{0x0000000203911008}: 'java.lang.Object java.lang.invoke.DirectMethodHandle$Holder.invokeVirtual(java.lang.Object, java.lang.Object, java.lang.Object, java.lang.Object, java.lang.Object, java.lang.Object, java.lang.Object, java.lang.Object, java.lang.Object, java.lang.Object, java.lang.Object, java.lang.Object, java.lang.Object, java.lang.Object, java.lang.Object, java.lang.Object, java.lang.Object, java.lang.Object, java.lang.Object, java.lang.Object, java.lang.Ob
Event: 4.570 Thread 0x0000021e8f6e1ae0 Exception <a 'java/lang/NoSuchMethodError'{0x000000020398c508}: 'java.lang.Object java.lang.invoke.DirectMethodHandle$Holder.invokeSpecial(java.lang.Object, java.lang.Object, java.lang.Object, java.lang.Object, java.lang.Object, java.lang.Object, java.lang.Object, java.lang.Object, java.lang.Object, java.lang.Object, java.lang.Object, java.lang.Object, java.lang.Object, java.lang.Object, java.lang.Object, java.lang.Object, java.lang.Object, java.lang.Object, java.lang.Object, java.lang.Object, java.lang.Ob
Event: 4.762 Thread 0x0000021e8f6e1ae0 Exception <a 'java/lang/NoSuchMethodError'{0x0000000202dc86e0}: 'java.lang.Object java.lang.invoke.DirectMethodHandle$Holder.newInvokeSpecial(java.lang.Object, java.lang.Object, java.lang.Object, java.lang.Object, java.lang.Object, java.lang.Object, java.lang.Object)'> (0x0000000202dc86e0) 
thrown [s\src\hotspot\share\interpreter\linkResolver.cpp, line 773]
Event: 4.798 Thread 0x0000021e8f6e1ae0 Exception <a 'java/lang/NoSuchMethodError'{0x0000000202bf4028}: 'java.lang.Object java.lang.invoke.DirectMethodHandle$Holder.invokeVirtual(java.lang.Object, java.lang.Object, java.lang.Object, java.lang.Object, java.lang.Object, java.lang.Object, java.lang.Object, java.lang.Object, java.lang.Object, java.lang.Object, java.lang.Object)'> (0x0000000202bf4028) 
thrown [s\src\hotspot\share\interpreter\linkResolver.cpp, line 773]
Event: 4.904 Thread 0x0000021e8f6e1ae0 Exception <a 'java/lang/NoSuchMethodError'{0x0000000205ab9300}: 'java.lang.Object java.lang.invoke.DirectMethodHandle$Holder.invokeVirtual(java.lang.Object, java.lang.Object, java.lang.Object, java.lang.Object, java.lang.Object, java.lang.Object, java.lang.Object, java.lang.Object, java.lang.Object, java.lang.Object)'> (0x0000000205ab9300) 
thrown [s\src\hotspot\share\interpreter\linkResolver.cpp, line 773]
Event: 4.964 Thread 0x0000021e8f6e1ae0 Exception <a 'java/lang/NoSuchMethodError'{0x00000002059d76b0}: 'java.lang.Object java.lang.invoke.DirectMethodHandle$Holder.invokeSpecial(java.lang.Object, java.lang.Object, java.lang.Object, java.lang.Object, java.lang.Object, java.lang.Object, java.lang.Object, java.lang.Object, java.lang.Object, java.lang.Object, java.lang.Object, java.lang.Object, java.lang.Object, java.lang.Object, java.lang.Object, java.lang.Object, java.lang.Object, java.lang.Object, java.lang.Object, java.lang.Object, java.lang.Ob
Event: 4.965 Thread 0x0000021e8f6e1ae0 Exception <a 'java/lang/NoSuchMethodError'{0x00000002059dd0a8}: 'java.lang.Object java.lang.invoke.DelegatingMethodHandle$Holder.reinvoke_L(java.lang.Object, java.lang.Object, java.lang.Object, java.lang.Object, java.lang.Object, java.lang.Object, java.lang.Object, java.lang.Object, java.lang.Object, java.lang.Object, java.lang.Object, java.lang.Object, java.lang.Object, java.lang.Object, java.lang.Object, java.lang.Object, java.lang.Object, java.lang.Object, java.lang.Object, java.lang.Object, java.lang.O
Event: 4.965 Thread 0x0000021e8f6e1ae0 Exception <a 'java/lang/NoSuchMethodError'{0x00000002059e8818}: 'java.lang.Object java.lang.invoke.DirectMethodHandle$Holder.invokeSpecial(java.lang.Object, java.lang.Object, java.lang.Object, java.lang.Object, java.lang.Object, java.lang.Object, java.lang.Object, java.lang.Object, java.lang.Object, java.lang.Object, java.lang.Object, java.lang.Object, java.lang.Object, java.lang.Object, java.lang.Object, java.lang.Object, java.lang.Object, java.lang.Object, java.lang.Object, java.lang.Object, java.lang.Ob
Event: 4.966 Thread 0x0000021e8f6e1ae0 Exception <a 'java/lang/NoSuchMethodError'{0x00000002059ee030}: 'java.lang.Object java.lang.invoke.Invokers$Holder.invoker(java.lang.Object, java.lang.Object, java.lang.Object, java.lang.Object, java.lang.Object, java.lang.Object, java.lang.Object, java.lang.Object, java.lang.Object, java.lang.Object, java.lang.Object, java.lang.Object, java.lang.Object, java.lang.Object, java.lang.Object, java.lang.Object, java.lang.Object, java.lang.Object, java.lang.Object, java.lang.Object, java.lang.Object, java.lang.
Event: 4.966 Thread 0x0000021e8f6e1ae0 Exception <a 'java/lang/NoSuchMethodError'{0x00000002059f4258}: 'java.lang.Object java.lang.invoke.DelegatingMethodHandle$Holder.delegate(java.lang.Object, java.lang.Object, java.lang.Object, java.lang.Object, java.lang.Object, java.lang.Object, java.lang.Object, java.lang.Object, java.lang.Object, java.lang.Object, java.lang.Object, java.lang.Object, java.lang.Object, java.lang.Object, java.lang.Object, java.lang.Object, java.lang.Object, java.lang.Object, java.lang.Object, java.lang.Object, java.lang.Obj
Event: 4.994 Thread 0x0000021e8f6e1ae0 Exception <a 'java/lang/NoSuchMethodError'{0x0000000205623dd0}: 'java.lang.Object java.lang.invoke.DirectMethodHandle$Holder.invokeStaticInit(java.lang.Object, java.lang.Object, java.lang.Object, java.lang.Object)'> (0x0000000205623dd0) 
thrown [s\src\hotspot\share\interpreter\linkResolver.cpp, line 773]
Event: 5.050 Thread 0x0000021e8f6e1ae0 Exception <a 'java/lang/NoSuchMethodError'{0x00000002054fe608}: 'void java.lang.invoke.DirectMethodHandle$Holder.invokeStatic(java.lang.Object, java.lang.Object, java.lang.Object, java.lang.Object)'> (0x00000002054fe608) 
thrown [s\src\hotspot\share\interpreter\linkResolver.cpp, line 773]
Event: 5.054 Thread 0x0000021e8f6e1ae0 Exception <a 'java/lang/IncompatibleClassChangeError'{0x0000000205328ae0}: Found class java.lang.Object, but interface was expected> (0x0000000205328ae0) 
thrown [s\src\hotspot\share\interpreter\linkResolver.cpp, line 840]
Event: 5.066 Thread 0x0000021e8f6e1ae0 Exception <a 'java/lang/NoSuchMethodError'{0x000000020539abc8}: 'java.lang.Object java.lang.invoke.DirectMethodHandle$Holder.invokeVirtual(java.lang.Object, java.lang.Object, java.lang.Object, java.lang.Object, java.lang.Object, java.lang.Object, java.lang.Object, java.lang.Object, java.lang.Object, java.lang.Object, java.lang.Object, java.lang.Object, java.lang.Object)'> (0x000000020539abc8) 
thrown [s\src\hotspot\share\interpreter\linkResolver.cpp, line 773]
Event: 5.067 Thread 0x0000021e8f6e1ae0 Exception <a 'java/lang/NoSuchMethodError'{0x000000020539fe80}: 'java.lang.Object java.lang.invoke.DirectMethodHandle$Holder.invokeSpecial(java.lang.Object, java.lang.Object, java.lang.Object, java.lang.Object, java.lang.Object, java.lang.Object, java.lang.Object, java.lang.Object, java.lang.Object, java.lang.Object, java.lang.Object, java.lang.Object, java.lang.Object, java.lang.Object)'> (0x000000020539fe80) 
thrown [s\src\hotspot\share\interpreter\linkResolver.cpp, line 773]
Event: 5.067 Thread 0x0000021e8f6e1ae0 Exception <a 'java/lang/NoSuchMethodError'{0x00000002053a4be0}: 'java.lang.Object java.lang.invoke.DelegatingMethodHandle$Holder.reinvoke_L(java.lang.Object, java.lang.Object, java.lang.Object, java.lang.Object, java.lang.Object, java.lang.Object, java.lang.Object, java.lang.Object, java.lang.Object, java.lang.Object, java.lang.Object, java.lang.Object, java.lang.Object)'> (0x00000002053a4be0) 
thrown [s\src\hotspot\share\interpreter\linkResolver.cpp, line 773]
Event: 5.096 Thread 0x0000021e8f6e1ae0 Exception <a 'java/lang/NoSuchMethodError'{0x0000000205166590}: 'void java.lang.invoke.DirectMethodHandle$Holder.invokeStaticInit(java.lang.Object, java.lang.Object)'> (0x0000000205166590) 
thrown [s\src\hotspot\share\interpreter\linkResolver.cpp, line 773]

ZGC Phase Switch (0 events):
No events

VM Operations (20 events):
Event: 2.639 Executing non-safepoint VM operation: HandshakeAllThreads (Deoptimize)
Event: 2.639 Executing non-safepoint VM operation: HandshakeAllThreads (Deoptimize) done
Event: 2.883 Executing non-safepoint VM operation: HandshakeAllThreads (Deoptimize)
Event: 2.883 Executing non-safepoint VM operation: HandshakeAllThreads (Deoptimize) done
Event: 3.205 Executing non-safepoint VM operation: HandshakeAllThreads (Deoptimize)
Event: 3.205 Executing non-safepoint VM operation: HandshakeAllThreads (Deoptimize) done
Event: 3.205 Executing safepoint VM operation: Cleanup
Event: 3.205 Executing safepoint VM operation: Cleanup done
Event: 3.598 Executing safepoint VM operation: CollectForMetadataAllocation (Metadata GC Threshold)
Event: 3.602 Executing safepoint VM operation: CollectForMetadataAllocation (Metadata GC Threshold) done
Event: 3.606 Executing safepoint VM operation: G1PauseRemark
Event: 3.608 Executing safepoint VM operation: G1PauseRemark done
Event: 3.609 Executing safepoint VM operation: G1PauseCleanup
Event: 3.609 Executing safepoint VM operation: G1PauseCleanup done
Event: 3.731 Executing non-safepoint VM operation: HandshakeAllThreads (Deoptimize)
Event: 3.731 Executing non-safepoint VM operation: HandshakeAllThreads (Deoptimize) done
Event: 4.094 Executing non-safepoint VM operation: HandshakeAllThreads (Deoptimize)
Event: 4.094 Executing non-safepoint VM operation: HandshakeAllThreads (Deoptimize) done
Event: 4.828 Executing safepoint VM operation: G1CollectForAllocation (G1 Evacuation Pause)
Event: 4.833 Executing safepoint VM operation: G1CollectForAllocation (G1 Evacuation Pause) done

Memory protections (0 events):
No events

Nmethod flushes (0 events):
No events

Events (20 events):
Event: 0.212 Thread 0x0000021eff591310 Thread added: 0x0000021e895146a0
Event: 0.245 Thread 0x0000021eff591310 Thread added: 0x0000021e895160e0
Event: 0.772 Thread 0x0000021e8966a580 Thread added: 0x0000021e8e74b220
Event: 0.772 Thread 0x0000021e8966a580 Thread added: 0x0000021e8e74b8d0
Event: 2.454 Thread 0x0000021eff591310 Thread added: 0x0000021e89515a50
Event: 2.782 Thread 0x0000021eff591310 Thread added: 0x0000021e89512c60
Event: 3.115 Thread 0x0000021eff591310 Thread added: 0x0000021e895132f0
Event: 3.245 Thread 0x0000021e89512c60 Thread added: 0x0000021e89514d30
Event: 3.250 Thread 0x0000021e89514d30 Thread added: 0x0000021e895153c0
Event: 3.290 Thread 0x0000021e89514d30 Thread added: 0x0000021e89514010
Event: 3.299 Thread 0x0000021e89514d30 Thread added: 0x0000021e8f6e1ae0
Event: 3.310 Thread 0x0000021e8f6e1ae0 Thread added: 0x0000021e8f6e2800
Event: 3.315 Thread 0x0000021e8f6e1ae0 Thread added: 0x0000021e8f6e2e90
Event: 3.317 Thread 0x0000021e8f6e1ae0 Thread added: 0x0000021e8f6e3520
Event: 3.732 Thread 0x0000021e8f6e1ae0 Thread added: 0x0000021e8f6e2170
Event: 3.761 Thread 0x0000021e8f6e1ae0 Thread added: 0x0000021e8f6e00a0
Event: 3.807 Thread 0x0000021e8f6e1ae0 Thread added: 0x0000021e8f6e3bb0
Event: 4.649 Thread 0x0000021e8f6e1ae0 Thread added: 0x0000021e8f6e4240
Event: 4.905 Thread 0x0000021e8f6e1ae0 Thread added: 0x0000021e8f6e0dc0
Event: 4.932 Thread 0x0000021e8f6e1ae0 Thread added: 0x0000021e8f6e48d0


Dynamic libraries:
0x00007ff72e750000 - 0x00007ff72e75e000 	C:\Users\PAULO ROBERTO\.vscode\extensions\redhat.java-1.56.0-win32-x64\jre\21.0.12.1-win32-x86_64\bin\java.exe
0x00007ffaf0f80000 - 0x00007ffaf11e7000 	C:\WINDOWS\SYSTEM32\ntdll.dll
0x00007ffaf00c0000 - 0x00007ffaf018a000 	C:\WINDOWS\System32\KERNEL32.DLL
0x00007ffaee720000 - 0x00007ffaeeb22000 	C:\WINDOWS\System32\KERNELBASE.dll
0x00007ffaee190000 - 0x00007ffaee2dc000 	C:\WINDOWS\System32\ucrtbase.dll
0x00007ffae98b0000 - 0x00007ffae98c8000 	C:\Users\PAULO ROBERTO\.vscode\extensions\redhat.java-1.56.0-win32-x64\jre\21.0.12.1-win32-x86_64\bin\jli.dll
0x00007ffaf0d60000 - 0x00007ffaf0f2f000 	C:\WINDOWS\System32\USER32.dll
0x00007ffae3230000 - 0x00007ffae324e000 	C:\Users\PAULO ROBERTO\.vscode\extensions\redhat.java-1.56.0-win32-x64\jre\21.0.12.1-win32-x86_64\bin\VCRUNTIME140.dll
0x00007ffac6170000 - 0x00007ffac6400000 	C:\WINDOWS\WinSxS\amd64_microsoft.windows.common-controls_6595b64144ccf1df_6.0.26100.9278_none_3e0d1ba8e3303201\COMCTL32.dll
0x00007ffaeeb30000 - 0x00007ffaeeb57000 	C:\WINDOWS\System32\win32u.dll
0x00007ffaf0010000 - 0x00007ffaf00b9000 	C:\WINDOWS\System32\msvcrt.dll
0x00007ffaf0ad0000 - 0x00007ffaf0afb000 	C:\WINDOWS\System32\GDI32.dll
0x00007ffaee2f0000 - 0x00007ffaee419000 	C:\WINDOWS\System32\gdi32full.dll
0x00007ffaee4e0000 - 0x00007ffaee583000 	C:\WINDOWS\System32\msvcp_win.dll
0x00007ffaf0a90000 - 0x00007ffaf0ac1000 	C:\WINDOWS\System32\IMM32.DLL
0x00007ffae5130000 - 0x00007ffae513c000 	C:\Users\PAULO ROBERTO\.vscode\extensions\redhat.java-1.56.0-win32-x64\jre\21.0.12.1-win32-x86_64\bin\vcruntime140_1.dll
0x00007ffae28b0000 - 0x00007ffae293d000 	C:\Users\PAULO ROBERTO\.vscode\extensions\redhat.java-1.56.0-win32-x64\jre\21.0.12.1-win32-x86_64\bin\msvcp140.dll
0x00007ffa3c9f0000 - 0x00007ffa3d792000 	C:\Users\PAULO ROBERTO\.vscode\extensions\redhat.java-1.56.0-win32-x64\jre\21.0.12.1-win32-x86_64\bin\server\jvm.dll
0x00007ffaf0c90000 - 0x00007ffaf0d4c000 	C:\WINDOWS\System32\ADVAPI32.dll
0x00007ffaeecb0000 - 0x00007ffaeed59000 	C:\WINDOWS\System32\sechost.dll
0x00007ffaefee0000 - 0x00007ffaefff8000 	C:\WINDOWS\System32\RPCRT4.dll
0x00007ffaf0c00000 - 0x00007ffaf0c80000 	C:\WINDOWS\System32\WS2_32.dll
0x00007ffaecc80000 - 0x00007ffaeccde000 	C:\WINDOWS\SYSTEM32\POWRPROF.dll
0x00007ffae3fb0000 - 0x00007ffae3fbb000 	C:\WINDOWS\SYSTEM32\VERSION.dll
0x00007ffad9670000 - 0x00007ffad96a6000 	C:\WINDOWS\SYSTEM32\WINMM.dll
0x00007ffaecc60000 - 0x00007ffaecc75000 	C:\WINDOWS\SYSTEM32\UMPDC.dll
0x00007ffaecf40000 - 0x00007ffaecf5b000 	C:\WINDOWS\SYSTEM32\kernel.appcore.dll
0x00007ffae3220000 - 0x00007ffae322a000 	C:\Users\PAULO ROBERTO\.vscode\extensions\redhat.java-1.56.0-win32-x64\jre\21.0.12.1-win32-x86_64\bin\jimage.dll
0x00007ffaeb350000 - 0x00007ffaeb592000 	C:\WINDOWS\SYSTEM32\DBGHELP.DLL
0x00007ffaf0190000 - 0x00007ffaf0514000 	C:\WINDOWS\System32\combase.dll
0x00007ffaeef20000 - 0x00007ffaeeff9000 	C:\WINDOWS\System32\OLEAUT32.dll
0x00007ffac44a0000 - 0x00007ffac44db000 	C:\WINDOWS\SYSTEM32\dbgcore.DLL
0x00007ffaeeb60000 - 0x00007ffaeec0c000 	C:\WINDOWS\System32\bcryptPrimitives.dll
0x00007ffae2f70000 - 0x00007ffae2f7f000 	C:\Users\PAULO ROBERTO\.vscode\extensions\redhat.java-1.56.0-win32-x64\jre\21.0.12.1-win32-x86_64\bin\instrument.dll
0x00007ffae2860000 - 0x00007ffae2880000 	C:\Users\PAULO ROBERTO\.vscode\extensions\redhat.java-1.56.0-win32-x64\jre\21.0.12.1-win32-x86_64\bin\java.dll
0x00007ffae2840000 - 0x00007ffae2858000 	C:\Users\PAULO ROBERTO\.vscode\extensions\redhat.java-1.56.0-win32-x64\jre\21.0.12.1-win32-x86_64\bin\zip.dll
0x00007ffaef450000 - 0x00007ffaefbe8000 	C:\WINDOWS\System32\SHELL32.dll
0x00007ffaebbf0000 - 0x00007ffaec49e000 	C:\WINDOWS\SYSTEM32\windows.storage.dll
0x00007ffaf0b00000 - 0x00007ffaf0bfb000 	C:\WINDOWS\System32\SHCORE.dll
0x00007ffaef000000 - 0x00007ffaef066000 	C:\WINDOWS\System32\shlwapi.dll
0x00007ffaee0b0000 - 0x00007ffaee0d9000 	C:\WINDOWS\SYSTEM32\profapi.dll
0x00007ffae3210000 - 0x00007ffae3220000 	C:\Users\PAULO ROBERTO\.vscode\extensions\redhat.java-1.56.0-win32-x64\jre\21.0.12.1-win32-x86_64\bin\net.dll
0x00007ffae2b50000 - 0x00007ffae2c7a000 	C:\WINDOWS\SYSTEM32\WINHTTP.dll
0x00007ffaed4e0000 - 0x00007ffaed54c000 	C:\WINDOWS\system32\mswsock.dll
0x00007ffae2110000 - 0x00007ffae2126000 	C:\Users\PAULO ROBERTO\.vscode\extensions\redhat.java-1.56.0-win32-x64\jre\21.0.12.1-win32-x86_64\bin\nio.dll
0x00007ffae2e70000 - 0x00007ffae2e80000 	C:\Users\PAULO ROBERTO\.vscode\extensions\redhat.java-1.56.0-win32-x64\jre\21.0.12.1-win32-x86_64\bin\verify.dll
0x00007ffae2130000 - 0x00007ffae2157000 	C:\Users\PAULO ROBERTO\.gradle\native\c067742578af261105cb4f569cf0c3c89f3d7b1fecec35dd04571415982c5e48\windows-amd64\native-platform.dll
0x00007ffadf020000 - 0x00007ffadf164000 	C:\Users\PAULO ROBERTO\.gradle\native\100fb08df4bc3b14c8652ba06237920a3bd2aa13389f12d3474272988ae205f9\windows-amd64\native-platform-file-events.dll
0x00007ffae2e30000 - 0x00007ffae2e3a000 	C:\Users\PAULO ROBERTO\.vscode\extensions\redhat.java-1.56.0-win32-x64\jre\21.0.12.1-win32-x86_64\bin\management.dll
0x00007ffae2da0000 - 0x00007ffae2dac000 	C:\Users\PAULO ROBERTO\.vscode\extensions\redhat.java-1.56.0-win32-x64\jre\21.0.12.1-win32-x86_64\bin\management_ext.dll
0x00007ffaefd80000 - 0x00007ffaefd88000 	C:\WINDOWS\System32\PSAPI.DLL
0x00007ffaed900000 - 0x00007ffaed91b000 	C:\WINDOWS\SYSTEM32\CRYPTSP.dll
0x00007ffaecea0000 - 0x00007ffaeced9000 	C:\WINDOWS\system32\rsaenh.dll
0x00007ffaed590000 - 0x00007ffaed5c4000 	C:\WINDOWS\SYSTEM32\USERENV.dll
0x00007ffaee080000 - 0x00007ffaee0aa000 	C:\WINDOWS\SYSTEM32\bcrypt.dll
0x00007ffaed740000 - 0x00007ffaed74c000 	C:\WINDOWS\SYSTEM32\CRYPTBASE.dll
0x00007ffaec8b0000 - 0x00007ffaec8e3000 	C:\WINDOWS\SYSTEM32\IPHLPAPI.DLL
0x00007ffaefc40000 - 0x00007ffaefc4a000 	C:\WINDOWS\System32\NSI.dll
0x00007ffae2d30000 - 0x00007ffae2d39000 	C:\Users\PAULO ROBERTO\.vscode\extensions\redhat.java-1.56.0-win32-x64\jre\21.0.12.1-win32-x86_64\bin\extnet.dll
0x00007ffae2050000 - 0x00007ffae205e000 	C:\Users\PAULO ROBERTO\.vscode\extensions\redhat.java-1.56.0-win32-x64\jre\21.0.12.1-win32-x86_64\bin\sunmscapi.dll
0x00007ffaee590000 - 0x00007ffaee70e000 	C:\WINDOWS\System32\CRYPT32.dll
0x00007ffaeda70000 - 0x00007ffaedaa0000 	C:\WINDOWS\SYSTEM32\ncrypt.dll
0x00007ffaeda20000 - 0x00007ffaeda5f000 	C:\WINDOWS\SYSTEM32\NTASN1.dll
0x00007ffadaf60000 - 0x00007ffadaf68000 	C:\WINDOWS\system32\wshunix.dll

JVMTI agents:
C:\Users\PAULO ROBERTO\.gradle\wrapper\dists\gradle-8.11.1-all\2qik7nd48slq1ooc2496ixf4i\gradle-8.11.1\lib\agents\gradle-instrumentation-agent-8.11.1.jar path:C:\Users\PAULO ROBERTO\.vscode\extensions\redhat.java-1.56.0-win32-x64\jre\21.0.12.1-win32-x86_64\bin\instrument.dll, loaded, initialized, instrumentlib options:none

dbghelp: loaded successfully - version: 4.0.5 - missing functions: none
symbol engine: initialized successfully - sym options: 0x614 - pdb path: .;C:\Users\PAULO ROBERTO\.vscode\extensions\redhat.java-1.56.0-win32-x64\jre\21.0.12.1-win32-x86_64\bin;C:\WINDOWS\SYSTEM32;C:\WINDOWS\WinSxS\amd64_microsoft.windows.common-controls_6595b64144ccf1df_6.0.26100.9278_none_3e0d1ba8e3303201;C:\Users\PAULO ROBERTO\.vscode\extensions\redhat.java-1.56.0-win32-x64\jre\21.0.12.1-win32-x86_64\bin\server;C:\Users\PAULO ROBERTO\.gradle\native\c067742578af261105cb4f569cf0c3c89f3d7b1fecec35dd04571415982c5e48\windows-amd64;C:\Users\PAULO ROBERTO\.gradle\native\100fb08df4bc3b14c8652ba06237920a3bd2aa13389f12d3474272988ae205f9\windows-amd64

VM Arguments:
jvm_args: --add-opens=java.base/java.lang=ALL-UNNAMED --add-opens=java.base/java.lang.invoke=ALL-UNNAMED --add-opens=java.base/java.util=ALL-UNNAMED --add-opens=java.prefs/java.util.prefs=ALL-UNNAMED --add-exports=jdk.compiler/com.sun.tools.javac.api=ALL-UNNAMED --add-exports=jdk.compiler/com.sun.tools.javac.util=ALL-UNNAMED --add-opens=java.base/java.util=ALL-UNNAMED --add-opens=java.prefs/java.util.prefs=ALL-UNNAMED --add-opens=java.base/java.nio.charset=ALL-UNNAMED --add-opens=java.base/java.net=ALL-UNNAMED --add-opens=java.base/java.util.concurrent.atomic=ALL-UNNAMED --add-opens=java.xml/javax.xml.namespace=ALL-UNNAMED -Xshare:off -XX:TieredStopAtLevel=1 -Xss512k -XX:MaxMetaspaceSize=160m -XX:HeapBaseMinAddress=0x200000000 -Xms96m -Xmx640m -Dfile.encoding=UTF-8 -Duser.country=BR -Duser.language=pt -Duser.variant -javaagent:C:\Users\PAULO ROBERTO\.gradle\wrapper\dists\gradle-8.11.1-all\2qik7nd48slq1ooc2496ixf4i\gradle-8.11.1\lib\agents\gradle-instrumentation-agent-8.11.1.jar 
java_command: org.gradle.launcher.daemon.bootstrap.GradleDaemon 8.11.1
java_class_path (initial): C:\Users\PAULO ROBERTO\.gradle\wrapper\dists\gradle-8.11.1-all\2qik7nd48slq1ooc2496ixf4i\gradle-8.11.1\lib\gradle-daemon-main-8.11.1.jar
Launcher Type: SUN_STANDARD

[Global flags]
     intx CICompilerCount                          = 4                                         {product} {ergonomic}
   size_t CompressedClassSpaceSize                 = 134217728                                 {product} {ergonomic}
     uint ConcGCThreads                            = 3                                         {product} {ergonomic}
     uint G1ConcRefinementThreads                  = 10                                        {product} {ergonomic}
   size_t G1HeapRegionSize                         = 1048576                                   {product} {ergonomic}
    uintx GCDrainStackTargetSize                   = 64                                        {product} {ergonomic}
   size_t HeapBaseMinAddress                       = 8589934592                             {pd product} {command line}
   size_t InitialHeapSize                          = 100663296                                 {product} {command line}
   size_t MarkStackSize                            = 4194304                                   {product} {ergonomic}
   size_t MaxHeapSize                              = 671088640                                 {product} {command line}
   size_t MaxMetaspaceSize                         = 167772160                                 {product} {command line}
   size_t MaxNewSize                               = 402653184                                 {product} {ergonomic}
   size_t MinHeapDeltaBytes                        = 1048576                                   {product} {ergonomic}
   size_t MinHeapSize                              = 100663296                                 {product} {command line}
    uintx NonNMethodCodeHeapSize                   = 4096                                   {pd product} {ergonomic}
    uintx NonProfiledCodeHeapSize                  = 0                                      {pd product} {ergonomic}
     bool ProfileInterpreter                       = false                                  {pd product} {command line}
    uintx ProfiledCodeHeapSize                     = 0                                      {pd product} {ergonomic}
   size_t SoftMaxHeapSize                          = 671088640                              {manageable} {ergonomic}
     intx ThreadStackSize                          = 512                                    {pd product} {command line}
     intx TieredStopAtLevel                        = 1                                         {product} {command line}
     bool UseCompressedOops                        = true                           {product lp64_product} {ergonomic}
     bool UseG1GC                                  = true                                      {product} {ergonomic}
     bool UseLargePagesIndividualAllocation        = false                                  {pd product} {ergonomic}

Logging:
Log output configuration:
 #0: stdout all=warning uptime,level,tags foldmultilines=false
 #1: stderr all=off uptime,level,tags foldmultilines=false

Release file:
JAVA_VERSION="21.0.12.1" 
MODULES="java.base java.compiler java.datatransfer java.xml java.prefs java.desktop java.instrument java.logging java.management java.security.sasl java.naming java.rmi java.management.rmi java.net.http java.scripting java.security.jgss java.transaction.xa java.sql java.sql.rowset java.xml.crypto java.se java.smartcardio jdk.accessibility jdk.internal.jvmstat jdk.attach jdk.charsets jdk.internal.opt jdk.zipfs jdk.compiler jdk.crypto.ec jdk.crypto.cryptoki jdk.crypto.mscapi jdk.dynalink jdk.internal.ed jdk.editpad jdk.hotspot.agent jdk.httpserver jdk.internal.le jdk.internal.vm.ci jdk.internal.vm.compiler jdk.internal.vm.compiler.management jdk.jartool jdk.javadoc jdk.jcmd jdk.management jdk.management.agent jdk.jconsole jdk.jdeps jdk.jdwp.agent jdk.jdi jdk.jfr jdk.jshell jdk.jsobject jdk.jstatd jdk.localedata jdk.management.jfr jdk.naming.dns jdk.naming.rmi jdk.net jdk.nio.mapmode jdk.random jdk.sctp jdk.security.auth jdk.security.jgss jdk.unsupported jdk.unsupported.desktop jdk.xml.dom" 

Environment Variables:
JAVA_HOME=C:\Program Files\Java\jdk-21
PATH=C:\Program Files\Common Files\Oracle\Java\javapath;C:\WINDOWS\system32;C:\WINDOWS;C:\WINDOWS\System32\Wbem;C:\WINDOWS\System32\WindowsPowerShell\v1.0\;C:\WINDOWS\System32\OpenSSH\;C:\Program Files\dotnet\;C:\Program Files\NVIDIA Corporation\NVIDIA App\NvDLISR;C:\Program Files (x86)\NVIDIA Corporation\PhysX\Common;C:\Program Files\GitHub CLI\;C:\Program Files\nodejs\;C:\Program Files\Git\cmd;C:\Users\PAULO ROBERTO\.local\bin;C:\Users\PAULO ROBERTO\AppData\Local\Microsoft\WindowsApps;C:\Users\PAULO ROBERTO\AppData\Roaming\npm;C:\Users\PAULO ROBERTO\AppData\Local\Programs\Microsoft VS Code\bin;C:\Users\PAULO ROBERTO\.bun\bin;C:\Users\PAULO ROBERTO\AppData\Local\Microsoft\WinGet\Packages\jqlang.jq_Microsoft.Winget.Source_8wekyb3d8bbwe;C:\Users\PAULO ROBERTO\.lmstudio\bin;C:\Users\PAULO ROBERTO\AppData\Local\PowerToys\DSCModules\
USERNAME=PAULO ROBERTO
OS=Windows_NT
PROCESSOR_IDENTIFIER=Intel64 Family 6 Model 186 Stepping 2, GenuineIntel
TMP=C:\Users\PAULOR~1\AppData\Local\Temp
TEMP=C:\Users\PAULOR~1\AppData\Local\Temp




Periodic native trim disabled

---------------  S Y S T E M  ---------------

OS:
 Windows 11 , 64 bit Build 26100 (10.0.26100.9278)
OS uptime: 3 days 9:38 hours
Hyper-V role detected

CPU: total 12 (initial active 12) (6 cores per cpu, 2 threads per core) family 6 model 186 stepping 2 microcode 0x5103, cx8, cmov, fxsr, ht, mmx, 3dnowpref, sse, sse2, sse3, ssse3, sse4.1, sse4.2, popcnt, lzcnt, tsc, tscinvbit, avx, avx2, aes, erms, clmul, bmi1, bmi2, adx, sha, fma, vzeroupper, clflush, clflushopt, clwb, hv, serialize, rdtscp, rdpid, fsrm, f16c, cet_ibt, cet_ss
Processor Information for the first 12 processors :
  Max Mhz: 2100, Current Mhz: 2100, Mhz Limit: 2100

Memory: 4k page, system-wide physical 16087M (387M free)
TotalPageFile size 32471M (AvailPageFile size 225M)
current process WorkingSet (physical memory assigned to process): 171M, peak: 171M
current process commit charge ("private bytes"): 232M, peak: 232M

vm_info: OpenJDK 64-Bit Server VM (21.0.12.1+1-LTS) for windows-amd64 JRE (21.0.12.1+1-LTS), built on 2026-08-18T00:00:00Z by "admin" with MS VC++ 17.12 (VS2022)

END.
